-- MySQL dump 10.13  Distrib 5.7.17, for Win64 (x86_64)
--
-- Host: localhost    Database: voucher
-- ------------------------------------------------------
-- Server version	5.7.17

/*!40101 SET @OLD_CHARACTER_SET_CLIENT=@@CHARACTER_SET_CLIENT */;
/*!40101 SET @OLD_CHARACTER_SET_RESULTS=@@CHARACTER_SET_RESULTS */;
/*!40101 SET @OLD_COLLATION_CONNECTION=@@COLLATION_CONNECTION */;
/*!40101 SET NAMES utf8 */;
/*!40103 SET @OLD_TIME_ZONE=@@TIME_ZONE */;
/*!40103 SET TIME_ZONE='+00:00' */;
/*!40014 SET @OLD_UNIQUE_CHECKS=@@UNIQUE_CHECKS, UNIQUE_CHECKS=0 */;
/*!40014 SET @OLD_FOREIGN_KEY_CHECKS=@@FOREIGN_KEY_CHECKS, FOREIGN_KEY_CHECKS=0 */;
/*!40101 SET @OLD_SQL_MODE=@@SQL_MODE, SQL_MODE='NO_AUTO_VALUE_ON_ZERO' */;
/*!40111 SET @OLD_SQL_NOTES=@@SQL_NOTES, SQL_NOTES=0 */;

--
-- Table structure for table `campus`
--

DROP TABLE IF EXISTS `campus`;
/*!40101 SET @saved_cs_client     = @@character_set_client */;
/*!40101 SET character_set_client = utf8 */;
CREATE TABLE `campus` (
  `campus_id` int(11) NOT NULL AUTO_INCREMENT COMMENT '公众号id',
  `campus_name` varchar(255) COLLATE utf8_bin NOT NULL COMMENT '公众号名称',
  `city_id` int(11) NOT NULL,
  `custom_service` varchar(255) COLLATE utf8_bin DEFAULT NULL,
  `home_page` varchar(255) COLLATE utf8_bin DEFAULT NULL,
  `user_name` varchar(255) COLLATE utf8_bin DEFAULT NULL,
  `app_id` varchar(255) COLLATE utf8_bin DEFAULT NULL,
  `app_secret` varchar(255) COLLATE utf8_bin DEFAULT NULL,
  `token` varchar(255) COLLATE utf8_bin DEFAULT NULL,
  `access_token` varchar(255) COLLATE utf8_bin NOT NULL DEFAULT '1',
  PRIMARY KEY (`campus_id`)
) ENGINE=InnoDB AUTO_INCREMENT=31 DEFAULT CHARSET=utf8 COLLATE=utf8_bin;
/*!40101 SET character_set_client = @saved_cs_client */;

--
-- Dumping data for table `campus`
--

LOCK TABLES `campus` WRITE;
/*!40000 ALTER TABLE `campus` DISABLE KEYS */;
INSERT INTO `campus` VALUES (1,'测试号',1,'12345678','52393.viphk.ngrok.org/voucher/mobile/home/1.html','gh_b806f58c5c3c','wx99f6d05c1d414d1d','f598372149a6b093434009568b207522','dsfreg4we5g43','kRPZ2ZqVLX4uTf8zlz9ebQdUcrAunE6uAQ_Qh34QxuSuM9gfyE-1tCIC6wBFt9DhJ7taNa93msmr5_NE5S2zS1AIw8FwXISqSlk6JdkvXZK1xgEDt-5NCerc5RXpVMvgJDIhAJADXC'),(2,'房惠安居',1,'-','52393.viphk.ngrok.org/voucher/mobile/home/2.html','gh_626e6ef9f275','wxd060f18ab72b4397','fe80e15ec3d76700aea5ed41e3503691','joijojljoijhoiljo78989','rHQ_9gJScHQqCWJ3KqQMtIwW1NjF22jp2Ec3JMLydNINWAosTDJrXIwJqrvGbYKCiopoUp6LrjBsCJGG2NYNUBsLp9mlXImhWcVPBqa2MkwXxKJ8dbofYKir6WbAHuJpOVPfAIAXEY'),(3,'test公众号',1,NULL,NULL,NULL,NULL,NULL,NULL,'1'),(6,'公众号5',4,NULL,NULL,NULL,NULL,NULL,NULL,'1'),(7,'公众号6',4,NULL,NULL,NULL,NULL,NULL,NULL,'1'),(29,'1111111111',1,'-',NULL,NULL,'-','-',NULL,'1'),(30,'qwe',1,'-',NULL,NULL,'-','-',NULL,'1');
/*!40000 ALTER TABLE `campus` ENABLE KEYS */;
UNLOCK TABLES;

--
-- Table structure for table `campus_admin`
--

DROP TABLE IF EXISTS `campus_admin`;
/*!40101 SET @saved_cs_client     = @@character_set_client */;
/*!40101 SET character_set_client = utf8 */;
CREATE TABLE `campus_admin` (
  `campus_admin` varchar(255) NOT NULL,
  `password` varchar(255) NOT NULL,
  `type` smallint(6) DEFAULT NULL,
  `city_id` int(11) DEFAULT NULL,
  `telephone` int(20) DEFAULT NULL,
  `address` varchar(255) DEFAULT NULL,
  `last_login_date` datetime DEFAULT NULL,
  `register_time` datetime DEFAULT NULL,
  PRIMARY KEY (`campus_admin`),
  UNIQUE KEY `campus_admin` (`campus_admin`),
  UNIQUE KEY `catename` (`city_id`),
  UNIQUE KEY `city_id` (`city_id`)
) ENGINE=InnoDB DEFAULT CHARSET=utf8;
/*!40101 SET character_set_client = @saved_cs_client */;

--
-- Dumping data for table `campus_admin`
--

LOCK TABLES `campus_admin` WRITE;
/*!40000 ALTER TABLE `campus_admin` DISABLE KEYS */;
INSERT INTO `campus_admin` VALUES ('1','202cb962ac59075b964b07152d234b70',0,1,NULL,NULL,'2017-04-09 09:08:14',NULL),('12','202cb962ac59075b964b07152d234b70',0,4,NULL,NULL,'2016-11-09 21:28:29',NULL),('123456','96e79218965eb72c92a549dd5a330112',1,NULL,123456,'1232132132',NULL,NULL),('15818','96e79218965eb72c92a549dd5a330112',1,9,1961655,'12313312',NULL,'2016-11-17 20:41:29'),('178','202cb962ac59075b964b07152d234b70',1,NULL,NULL,NULL,'2017-04-06 21:24:56',NULL),('18860902711','202cb962ac59075b964b07152d234b70',0,2,NULL,NULL,'2015-12-20 00:00:00',NULL),('18896554880','202cb962ac59075b964b07152d234b70',1,NULL,NULL,NULL,'2015-12-20 00:00:00',NULL),('2','202cb962ac59075b964b07152d234b70',1,NULL,123,'123456789为','2016-11-18 11:30:48',NULL),('aaaa','96e79218965eb72c92a549dd5a330112',1,5,111111,'111','2016-11-17 16:30:13',NULL),('aaaaa','0b4e7a0e5fe84ad35fb5f95b9ceeac79',1,6,111111,'aaaa',NULL,NULL),('assssssss','96e79218965eb72c92a549dd5a330112',1,7,1111111,'11',NULL,NULL),('bbbb','96e79218965eb72c92a549dd5a330112',1,8,111111,'3629',NULL,'2016-11-17 16:35:28');
/*!40000 ALTER TABLE `campus_admin` ENABLE KEYS */;
UNLOCK TABLES;

--
-- Table structure for table `food`
--

DROP TABLE IF EXISTS `food`;
/*!40101 SET @saved_cs_client     = @@character_set_client */;
/*!40101 SET character_set_client = utf8 */;
CREATE TABLE `food` (
  `food_id` int(20) NOT NULL AUTO_INCREMENT COMMENT '商品id',
  `campus_id` int(20) DEFAULT NULL COMMENT '公众号id',
  `campus_admin` varchar(255) CHARACTER SET utf8 DEFAULT NULL COMMENT '管理员id',
  `name` varchar(255) CHARACTER SET utf8 DEFAULT NULL,
  `price` float(6,2) NOT NULL,
  `img_url` varchar(100) CHARACTER SET utf8 DEFAULT NULL,
  `info` varchar(1000) CHARACTER SET utf8 DEFAULT NULL,
  `modify_time` datetime DEFAULT NULL,
  `status` smallint(6) DEFAULT '0' COMMENT '商品状态，1已审核，0未审核',
  `start` smallint(1) DEFAULT '0',
  `food_flag` varchar(255) CHARACTER SET utf8 DEFAULT NULL COMMENT '商品标签',
  `category_id` int(11) DEFAULT NULL,
  `prime_cost` float(6,2) DEFAULT NULL,
  `food_all_count` int(20) DEFAULT NULL,
  `food_count` float NOT NULL DEFAULT '500',
  `message` varchar(255) CHARACTER SET utf8 DEFAULT NULL,
  `start_time` datetime DEFAULT NULL,
  `end_time` datetime DEFAULT NULL,
  PRIMARY KEY (`food_id`),
  UNIQUE KEY `food_id` (`food_id`)
) ENGINE=InnoDB AUTO_INCREMENT=100204 DEFAULT CHARSET=latin1;
/*!40101 SET character_set_client = @saved_cs_client */;

--
-- Dumping data for table `food`
--

LOCK TABLES `food` WRITE;
/*!40000 ALTER TABLE `food` DISABLE KEYS */;
INSERT INTO `food` VALUES (10109,2,'2','统一老坛酸菜牛肉面桶装 速食 方便面',4.00,'/Public/img/goods/W020150327373576406347.jpg','http://pic29.nipic.com/20130525/5890690_184803578000_2.jpg,http://pica.nipic.com/2007-12-19/2007121911592513_2.jpg,http://pic22.nipic.com/20120720/8989765_092835333150_2.jpg','2015-04-22 00:00:00',0,2,'泡面，方便面，速食',501,NULL,500,499,'所有食品都是绿色食品，不含防腐剂，您吃的放心是我们的荣幸','2016-09-16 20:55:53','2016-09-16 20:55:53'),(10111,2,'2','康师傅鲜虾鱼板桶装面',4.00,'/Public/img/goods/9280c8519530206c.jpg','http://pic29.nipic.com/20130525/5890690_184803578000_2.jpg,http://pica.nipic.com/2007-12-19/2007121911592513_2.jpg,http://pic22.nipic.com/20120720/8989765_092835333150_2.jpg','2015-04-22 00:00:00',0,2,'泡面，方便面，速食',101,NULL,500,500,'所有食品都是绿色食品，不含防腐剂，您吃的放心是我们的荣幸','2016-09-16 20:55:53','2016-09-16 20:55:53'),(10112,1,'2','康师傅老陈醋酸辣桶面',4.00,'/Public/img/goods/23.jpg','http://pic29.nipic.com/20130525/5890690_184803578000_2.jpg,http://pica.nipic.com/2007-12-19/2007121911592513_2.jpg,http://pic22.nipic.com/20120720/8989765_092835333150_2.jpg','2015-04-22 00:00:00',0,2,'泡面，方便面，速食',101,NULL,500,4208,'所有食品都是绿色食品，不含防腐剂，您吃的放心是我们的荣幸','2016-09-16 20:55:53','2016-09-16 20:55:53'),(10113,1,'2','康师傅红烧牛肉面桶装',4.00,'/Public/img/goods/10584128_131324463183_2.jpg','http://pic29.nipic.com/20130525/5890690_184803578000_2.jpg,http://pica.nipic.com/2007-12-19/2007121911592513_2.jpg,http://pic22.nipic.com/20120720/8989765_092835333150_2.jpg','2015-04-22 00:00:00',0,2,'泡面，方便面，速食',101,NULL,500,4208,'所有食品都是绿色食品，不含防腐剂，您吃的放心是我们的荣幸','2016-09-16 20:55:53','2016-09-16 20:55:53'),(10114,1,'2','康师傅大食桶香辣牛肉面',4.50,'/Public/img/goods/W020150327373576406347.jpg','http://pic29.nipic.com/20130525/5890690_184803578000_2.jpg,http://pica.nipic.com/2007-12-19/2007121911592513_2.jpg,http://pic22.nipic.com/20120720/8989765_092835333150_2.jpg','2015-04-22 00:00:00',0,2,'泡面，方便面，速食',101,NULL,500,4208,'所有食品都是绿色食品，不含防腐剂，您吃的放心是我们的荣幸','2016-09-16 20:55:53','2016-09-16 20:55:53'),(10115,1,'2','康师傅红烧干拌面',5.00,'/Public/img/goods/23.jpg','http://pic29.nipic.com/20130525/5890690_184803578000_2.jpg,http://pica.nipic.com/2007-12-19/2007121911592513_2.jpg,http://pic22.nipic.com/20120720/8989765_092835333150_2.jpg','2015-04-22 00:00:00',0,2,'泡面，干拌面，速食',101,NULL,500,4208,'所有食品都是绿色食品，不含防腐剂，您吃的放心是我们的荣幸','2016-09-16 20:55:53','2016-09-16 20:55:53'),(10116,1,'2','康师傅老坛酸菜牛肉面袋装',2.50,'/Public/img/goods/9280c8519530206c.jpg','http://pic29.nipic.com/20130525/5890690_184803578000_2.jpg,http://pica.nipic.com/2007-12-19/2007121911592513_2.jpg,http://pic22.nipic.com/20120720/8989765_092835333150_2.jpg','2015-04-22 00:00:00',0,2,'泡面，方便面，速食',101,NULL,500,4208,'所有食品都是绿色食品，不含防腐剂，您吃的放心是我们的荣幸','2016-09-16 20:55:53','2016-09-16 20:55:53'),(10117,1,'2','康师傅秘制香菇卤香牛肉面 103克 袋装',2.50,'/Public/img/goods/23.jpg','http://pic29.nipic.com/20130525/5890690_184803578000_2.jpg,http://pica.nipic.com/2007-12-19/2007121911592513_2.jpg,http://pic22.nipic.com/20120720/8989765_092835333150_2.jpg','2015-04-22 00:00:00',0,2,'泡面，方便面，速食，袋装',101,NULL,500,4208,'所有食品都是绿色食品，不含防腐剂，您吃的放心是我们的荣幸','2016-09-16 20:55:53','2016-09-16 20:55:53'),(10118,2,'2','统一100精炖番茄牛肉面 100克 面饼85克',2.50,'/Public/img/goods/10584128_131324463183_2.jpg','http://pic29.nipic.com/20130525/5890690_184803578000_2.jpg,http://pica.nipic.com/2007-12-19/2007121911592513_2.jpg,http://pic22.nipic.com/20120720/8989765_092835333150_2.jpg','2015-04-22 00:00:00',0,2,'泡面，方便面，速食，袋装',502,NULL,500,500,'所有食品都是绿色食品，不含防腐剂，您吃的放心是我们的荣幸','2016-09-16 20:55:53','2016-09-16 20:55:53'),(10119,1,'2','康师傅红烧排骨面 102克 面饼82.5克',2.50,'/Public/img/goods/W020150327373576406347.jpg','http://pic29.nipic.com/20130525/5890690_184803578000_2.jpg,http://pica.nipic.com/2007-12-19/2007121911592513_2.jpg,http://pic22.nipic.com/20120720/8989765_092835333150_2.jpg','2015-04-22 00:00:00',0,2,'泡面，方便面，速食，袋装',101,NULL,500,4208,'所有食品都是绿色食品，不含防腐剂，您吃的放心是我们的荣幸','2016-09-16 20:55:53','2016-09-16 20:55:53'),(10120,1,'2','康师傅爆椒牛肉面 102克 面饼82.5克',2.50,'/Public/img/goods/23.jpg','http://pic29.nipic.com/20130525/5890690_184803578000_2.jpg,http://pica.nipic.com/2007-12-19/2007121911592513_2.jpg,http://pic22.nipic.com/20120720/8989765_092835333150_2.jpg','2015-05-06 00:00:00',0,2,'泡面，方便面，速食，袋装',101,NULL,500,4208,'所有食品都是绿色食品，不含防腐剂，您吃的放心是我们的荣幸','2016-09-16 20:55:53','2016-09-16 20:55:53'),(10121,1,'2','康师傅老陈醋 酸辣牛肉面 面饼加配料111克袋装',2.50,'/Public/img/goods/9280c8519530206c.jpg','http://pic29.nipic.com/20130525/5890690_184803578000_2.jpg,http://pica.nipic.com/2007-12-19/2007121911592513_2.jpg,http://pic22.nipic.com/20120720/8989765_092835333150_2.jpg','2015-04-22 00:00:00',0,2,'泡面，方便面，速食，袋装',101,NULL,500,4208,'所有食品都是绿色食品，不含防腐剂，您吃的放心是我们的荣幸','2016-09-16 20:55:53','2016-09-16 20:55:53'),(10122,1,'2','康师傅西红柿鸡蛋打卤面 104克 82.5袋装',2.50,'/Public/img/goods/23.jpg','http://pic29.nipic.com/20130525/5890690_184803578000_2.jpg,http://pica.nipic.com/2007-12-19/2007121911592513_2.jpg,http://pic22.nipic.com/20120720/8989765_092835333150_2.jpg','2015-04-22 00:00:00',0,2,'泡面，方便面，速食，袋装',101,NULL,500,4208,'所有食品都是绿色食品，不含防腐剂，您吃的放心是我们的荣幸','2016-09-16 20:55:53','2016-09-16 20:55:53'),(10123,1,'2','康师傅秘制香菇 辣 卤香牛肉面104克袋装',2.50,'/Public/img/goods/10584128_131324463183_2.jpg','http://pic29.nipic.com/20130525/5890690_184803578000_2.jpg,http://pica.nipic.com/2007-12-19/2007121911592513_2.jpg,http://pic22.nipic.com/20120720/8989765_092835333150_2.jpg','2015-04-22 00:00:00',0,2,'泡面，方便面，速食，袋装',101,NULL,500,4208,'所有食品都是绿色食品，不含防腐剂，您吃的放心是我们的荣幸','2016-09-16 20:55:53','2016-09-16 20:55:53'),(10124,1,'2','康师傅 老坛酸菜 鲜虾面118克袋装',2.50,'/Public/img/goods/W020150327373576406347.jpg','http://pic29.nipic.com/20130525/5890690_184803578000_2.jpg,http://pica.nipic.com/2007-12-19/2007121911592513_2.jpg,http://pic22.nipic.com/20120720/8989765_092835333150_2.jpg','2015-04-22 00:00:00',0,2,'泡面，方便面，速食，袋装',101,NULL,500,4208,'所有食品都是绿色食品，不含防腐剂，您吃的放心是我们的荣幸','2016-09-16 20:55:53','2016-09-16 20:55:53'),(10125,1,'2','康师傅 老坛酸菜 排骨面119克袋装',2.50,'/Public/img/goods/23.jpg','http://pic29.nipic.com/20130525/5890690_184803578000_2.jpg,http://pica.nipic.com/2007-12-19/2007121911592513_2.jpg,http://pic22.nipic.com/20120720/8989765_092835333150_2.jpg','2015-04-22 00:00:00',0,2,'泡面，方便面，速食，袋装',101,NULL,500,4208,'所有食品都是绿色食品，不含防腐剂，您吃的放心是我们的荣幸','2016-09-16 20:55:53','2016-09-16 20:55:53'),(10126,1,'2','康师傅香辣牛肉面101克 活力新包装袋装',2.50,'/Public/img/goods/9280c8519530206c.jpg','http://pic29.nipic.com/20130525/5890690_184803578000_2.jpg,http://pica.nipic.com/2007-12-19/2007121911592513_2.jpg,http://pic22.nipic.com/20120720/8989765_092835333150_2.jpg','2015-04-22 00:00:00',0,2,'泡面，方便面，速食，袋装',101,NULL,500,4208,'所有食品都是绿色食品，不含防腐剂，您吃的放心是我们的荣幸','2016-09-16 20:55:53','2016-09-16 20:55:53'),(10127,1,'2','康师傅鲜脆雪笋 炒肉丝面126克袋装',2.50,'/Public/img/goods/23.jpg','http://pic29.nipic.com/20130525/5890690_184803578000_2.jpg,http://pica.nipic.com/2007-12-19/2007121911592513_2.jpg,http://pic22.nipic.com/20120720/8989765_092835333150_2.jpg','2015-04-22 00:00:00',0,2,'泡面，方便面，速食，袋装',101,NULL,500,4208,'所有食品都是绿色食品，不含防腐剂，您吃的放心是我们的荣幸','2016-09-16 20:55:53','2016-09-16 20:55:53'),(10128,1,'2','康师傅 鲜香菇鸡蛋打卤面 100克袋装',2.50,'/Public/img/goods/10584128_131324463183_2.jpg','http://pic29.nipic.com/20130525/5890690_184803578000_2.jpg,http://pica.nipic.com/2007-12-19/2007121911592513_2.jpg,http://pic22.nipic.com/20120720/8989765_092835333150_2.jpg','2015-04-22 00:00:00',0,2,'泡面，方便面，速食，袋装',101,NULL,500,4208,'所有食品都是绿色食品，不含防腐剂，您吃的放心是我们的荣幸','2016-09-16 20:55:53','2016-09-16 20:55:53'),(10129,1,'2','康师傅老坛泡椒 牛肉面103克',2.50,'/Public/img/goods/W020150327373576406347.jpg','http://pic29.nipic.com/20130525/5890690_184803578000_2.jpg,http://pica.nipic.com/2007-12-19/2007121911592513_2.jpg,http://pic22.nipic.com/20120720/8989765_092835333150_2.jpg','2015-04-22 00:00:00',0,2,'泡面，方便面，速食，袋装',101,NULL,500,4208,'所有食品都是绿色食品，不含防腐剂，您吃的放心是我们的荣幸','2016-09-16 20:55:53','2016-09-16 20:55:53'),(10130,2,'2','康师傅鲜虾鱼板面 清爽鲜滋味 96克袋装',2.50,'/Public/img/goods/23.jpg','http://pic29.nipic.com/20130525/5890690_184803578000_2.jpg,http://pica.nipic.com/2007-12-19/2007121911592513_2.jpg,http://pic22.nipic.com/20120720/8989765_092835333150_2.jpg','2015-04-22 00:00:00',0,2,'泡面，方便面，速食，袋装',502,NULL,500,500,'所有食品都是绿色食品，不含防腐剂，您吃的放心是我们的荣幸','2016-09-16 20:55:53','2016-09-16 20:55:53'),(10131,1,'2','统一老坛酸菜牛肉面 统一100',2.50,'/Public/img/goods/9280c8519530206c.jpg','http://pic29.nipic.com/20130525/5890690_184803578000_2.jpg,http://pica.nipic.com/2007-12-19/2007121911592513_2.jpg,http://pic22.nipic.com/20120720/8989765_092835333150_2.jpg','2015-04-22 00:00:00',0,2,'泡面，方便面，速食，袋装',101,NULL,500,4208,'所有食品都是绿色食品，不含防腐剂，您吃的放心是我们的荣幸','2016-09-16 20:55:53','2016-09-16 20:55:53'),(10132,1,'2','统一老坛酸豆角排骨面 110克袋装',2.50,'/Public/img/goods/23.jpg','http://pic29.nipic.com/20130525/5890690_184803578000_2.jpg,http://pica.nipic.com/2007-12-19/2007121911592513_2.jpg,http://pic22.nipic.com/20120720/8989765_092835333150_2.jpg','2015-04-22 00:00:00',0,2,'泡面，方便面，速食，袋装',101,NULL,500,4208,'所有食品都是绿色食品，不含防腐剂，您吃的放心是我们的荣幸','2016-09-16 20:55:53','2016-09-16 20:55:53'),(10133,1,'2','统一老坛酸菜鱼面118克袋装',2.50,'/Public/img/goods/10584128_131324463183_2.jpg','http://pic29.nipic.com/20130525/5890690_184803578000_2.jpg,http://pica.nipic.com/2007-12-19/2007121911592513_2.jpg,http://pic22.nipic.com/20120720/8989765_092835333150_2.jpg','2015-04-22 00:00:00',0,2,'泡面，方便面，速食，袋装',101,NULL,500,4208,'所有食品都是绿色食品，不含防腐剂，您吃的放心是我们的荣幸','2016-09-16 20:55:53','2016-09-16 20:55:53'),(10134,1,'2','统一老坛酸菜牛肉面 芒果在里面 121克袋装',2.50,'/Public/img/goods/W020150327373576406347.jpg','http://pic29.nipic.com/20130525/5890690_184803578000_2.jpg,http://pica.nipic.com/2007-12-19/2007121911592513_2.jpg,http://pic22.nipic.com/20120720/8989765_092835333150_2.jpg','2015-04-22 00:00:00',0,2,'泡面，方便面，速食，袋装',101,NULL,500,4206,'所有食品都是绿色食品，不含防腐剂，您吃的放心是我们的荣幸','2016-09-16 20:55:53','2016-09-16 20:55:53'),(10135,1,'2','康师傅红烧牛肉面100克袋装',2.50,'/Public/img/goods/23.jpg','http://pic29.nipic.com/20130525/5890690_184803578000_2.jpg,http://pica.nipic.com/2007-12-19/2007121911592513_2.jpg,http://pic22.nipic.com/20120720/8989765_092835333150_2.jpg','2015-04-22 00:00:00',0,2,'泡面，方便面，速食，袋装',101,NULL,500,4208,'所有食品都是绿色食品，不含防腐剂，您吃的放心是我们的荣幸','2016-09-16 20:55:53','2016-09-16 20:55:53'),(10136,1,'2','统一卤肉面 辣香在里面112克袋装',2.50,'/Public/img/goods/9280c8519530206c.jpg','http://pic29.nipic.com/20130525/5890690_184803578000_2.jpg,http://pica.nipic.com/2007-12-19/2007121911592513_2.jpg,http://pic22.nipic.com/20120720/8989765_092835333150_2.jpg','2015-04-22 00:00:00',0,2,'泡面，方便面，速食，袋装',101,NULL,500,4208,'所有食品都是绿色食品，不含防腐剂，您吃的放心是我们的荣幸','2016-09-16 20:55:53','2016-09-16 20:55:53'),(10137,2,'2','统一100香辣牛肉面100克袋装',2.50,'/Public/img/goods/23.jpg','http://pic29.nipic.com/20130525/5890690_184803578000_2.jpg,http://pica.nipic.com/2007-12-19/2007121911592513_2.jpg,http://pic22.nipic.com/20120720/8989765_092835333150_2.jpg','2015-04-22 00:00:00',0,2,'泡面，方便面，速食，袋装',502,NULL,500,498,'所有食品都是绿色食品，不含防腐剂，您吃的放心是我们的荣幸','2016-09-16 20:55:53','2016-09-16 20:55:53'),(10138,1,'2','康师傅香菇炖鸡面 炖出真滋味 98克袋装',2.50,'/Public/img/goods/10584128_131324463183_2.jpg','http://pic29.nipic.com/20130525/5890690_184803578000_2.jpg,http://pica.nipic.com/2007-12-19/2007121911592513_2.jpg,http://pic22.nipic.com/20120720/8989765_092835333150_2.jpg','2015-04-22 00:00:00',0,2,'泡面，方便面，速食，袋装',101,NULL,500,4208,'所有食品都是绿色食品，不含防腐剂，您吃的放心是我们的荣幸','2016-09-16 20:55:53','2016-09-16 20:55:53'),(10139,1,'2','康师傅老坛酸菜牛肉面116克袋装',2.50,'/Public/img/goods/W020150327373576406347.jpg','http://pic29.nipic.com/20130525/5890690_184803578000_2.jpg,http://pica.nipic.com/2007-12-19/2007121911592513_2.jpg,http://pic22.nipic.com/20120720/8989765_092835333150_2.jpg','2015-04-22 00:00:00',0,2,'泡面，方便面，速食，袋装',101,NULL,500,4207,'所有食品都是绿色食品，不含防腐剂，您吃的放心是我们的荣幸','2016-09-16 20:55:53','2016-09-16 20:55:53'),(10140,1,'2','康师傅老坛泡椒竹笋鸡面105克袋装',2.50,'/Public/img/goods/23.jpg','http://pic29.nipic.com/20130525/5890690_184803578000_2.jpg,http://pica.nipic.com/2007-12-19/2007121911592513_2.jpg,http://pic22.nipic.com/20120720/8989765_092835333150_2.jpg','2015-04-22 00:00:00',0,2,'泡面，方便面，速食，袋装',101,NULL,500,4208,'所有食品都是绿色食品，不含防腐剂，您吃的放心是我们的荣幸','2016-09-16 20:55:53','2016-09-16 20:55:53'),(10141,1,'2','稻花香 香辣牛肉味 过桥米线 108克袋装',4.00,'/Public/img/goods/9280c8519530206c.jpg','http://pic29.nipic.com/20130525/5890690_184803578000_2.jpg,http://pica.nipic.com/2007-12-19/2007121911592513_2.jpg,http://pic22.nipic.com/20120720/8989765_092835333150_2.jpg','2015-04-22 00:00:00',0,2,'泡面，方便面，速食，袋装',101,NULL,500,4208,'所有食品都是绿色食品，不含防腐剂，您吃的放心是我们的荣幸','2016-09-16 20:55:53','2016-09-16 20:55:53'),(10142,1,'2','康师傅香辣牛肉面大食袋 125克',3.00,'/Public/img/goods/23.jpg','http://pic29.nipic.com/20130525/5890690_184803578000_2.jpg,http://pica.nipic.com/2007-12-19/2007121911592513_2.jpg,http://pic22.nipic.com/20120720/8989765_092835333150_2.jpg','2015-04-22 00:00:00',0,2,'泡面，方便面，速食，袋装',101,NULL,500,4208,'所有食品都是绿色食品，不含防腐剂，您吃的放心是我们的荣幸','2016-09-16 20:55:53','2016-09-16 20:55:53'),(10143,1,'2','康师傅老坛酸菜牛肉面大食袋 147克袋装',3.00,'/Public/img/goods/10584128_131324463183_2.jpg','http://pic29.nipic.com/20130525/5890690_184803578000_2.jpg,http://pica.nipic.com/2007-12-19/2007121911592513_2.jpg,http://pic22.nipic.com/20120720/8989765_092835333150_2.jpg','2015-04-22 00:00:00',0,2,'泡面，方便面，速食，袋装',101,NULL,500,4208,'所有食品都是绿色食品，不含防腐剂，您吃的放心是我们的荣幸','2016-09-16 20:55:53','2016-09-16 20:55:53'),(10144,1,'2','康师傅红烧牛肉面大食袋125克',3.00,'/Public/img/goods/W020150327373576406347.jpg','http://pic29.nipic.com/20130525/5890690_184803578000_2.jpg,http://pica.nipic.com/2007-12-19/2007121911592513_2.jpg,http://pic22.nipic.com/20120720/8989765_092835333150_2.jpg','2015-04-22 00:00:00',0,2,'泡面，方便面，速食，袋装',101,NULL,500,4208,'所有食品都是绿色食品，不含防腐剂，您吃的放心是我们的荣幸','2016-09-16 20:55:53','2016-09-16 20:55:53'),(10145,1,'2','农心乌龙面 乌冬汤味120克袋装',4.00,'/Public/img/goods/23.jpg','http://pic29.nipic.com/20130525/5890690_184803578000_2.jpg,http://pica.nipic.com/2007-12-19/2007121911592513_2.jpg,http://pic22.nipic.com/20120720/8989765_092835333150_2.jpg','2015-04-26 00:00:00',0,2,'泡面，方便面，速食，袋装，爆款',101,NULL,500,4118,'所有食品都是绿色食品，不含防腐剂，您吃的放心是我们的荣幸','2016-09-16 20:55:53','2016-09-16 20:55:53'),(10202,1,'178','乡巴佬卤蛋30g',1.50,'/Public/img/goods/23.jpg','http://pic29.nipic.com/20130525/5890690_184803578000_2.jpg,http://pica.nipic.com/2007-12-19/2007121911592513_2.jpg,http://pic22.nipic.com/20120720/8989765_092835333150_2.jpg','2015-04-22 00:00:00',0,2,'卤蛋，速食',102,NULL,500,4208,'所有食品都是绿色食品，不含防腐剂，您吃的放心是我们的荣幸','2016-09-16 20:55:53','2016-09-16 20:55:53'),(10203,1,'178','双汇玉米热狗肠40g 单支',1.00,'/Public/img/goods/10584128_131324463183_2.jpg','http://pic29.nipic.com/20130525/5890690_184803578000_2.jpg,http://pica.nipic.com/2007-12-19/2007121911592513_2.jpg,http://pic22.nipic.com/20120720/8989765_092835333150_2.jpg','2015-04-22 00:00:00',0,2,'火腿肠，烤肠，肠，速食',102,NULL,500,4208,'所有食品都是绿色食品，不含防腐剂，您吃的放心是我们的荣幸','2016-09-16 20:55:53','2016-09-16 20:55:53'),(10204,1,'178','劲辣鸭脖23g',1.50,'/Public/img/goods/W020150327373576406347.jpg','http://pic29.nipic.com/20130525/5890690_184803578000_2.jpg,http://pica.nipic.com/2007-12-19/2007121911592513_2.jpg,http://pic22.nipic.com/20120720/8989765_092835333150_2.jpg','2015-05-04 00:00:00',0,2,'辣食，速食，鸭脖',102,NULL,500,4208,'所有食品都是绿色食品，不含防腐剂，您吃的放心是我们的荣幸','2016-09-16 20:55:53','2016-09-16 20:55:53'),(10205,1,'178','双汇台式香肠48g',2.50,'/Public/img/goods/23.jpg','http://pic29.nipic.com/20130525/5890690_184803578000_2.jpg,http://pica.nipic.com/2007-12-19/2007121911592513_2.jpg,http://pic22.nipic.com/20120720/8989765_092835333150_2.jpg','2015-04-22 00:00:00',0,2,'香肠，火腿，速食',102,NULL,500,4208,'所有食品都是绿色食品，不含防腐剂，您吃的放心是我们的荣幸','2016-09-16 20:55:53','2016-09-16 20:55:53'),(10206,1,'178','双汇润口香甜玉米香肠30g*9',8.00,'/Public/img/goods/9280c8519530206c.jpg','http://pic29.nipic.com/20130525/5890690_184803578000_2.jpg,http://pica.nipic.com/2007-12-19/2007121911592513_2.jpg,http://pic22.nipic.com/20120720/8989765_092835333150_2.jpg','2015-04-22 00:00:00',0,2,'火腿肠，烤肠，肠，速食',102,NULL,500,4208,'所有食品都是绿色食品，不含防腐剂，您吃的放心是我们的荣幸','2016-09-16 20:55:53','2016-09-16 20:55:53'),(10207,1,'178','双汇Q趣火腿肠85g',2.00,'/Public/img/goods/23.jpg','http://pic29.nipic.com/20130525/5890690_184803578000_2.jpg,http://pica.nipic.com/2007-12-19/2007121911592513_2.jpg,http://pic22.nipic.com/20120720/8989765_092835333150_2.jpg','2015-04-22 00:00:00',0,2,'火腿肠，烤肠，肠，速食',102,NULL,500,4208,'所有食品都是绿色食品，不含防腐剂，您吃的放心是我们的荣幸','2016-09-16 20:55:53','2016-09-16 20:55:53'),(10209,1,'178','统一老坛酸菜牛肉面桶装 速食 方便面',4.00,'/Public/img/goods/W020150327373576406347.jpg','http://pic29.nipic.com/20130525/5890690_184803578000_2.jpg,http://pica.nipic.com/2007-12-19/2007121911592513_2.jpg,http://pic22.nipic.com/20120720/8989765_092835333150_2.jpg','2015-05-06 00:00:00',0,2,'泡面，方便面，速食',102,NULL,500,4208,'所有食品都是绿色食品，不含防腐剂，您吃的放心是我们的荣幸','2016-09-16 20:55:53','2016-09-16 20:55:53'),(10210,1,'178','康师傅老坛泡椒竹笋鸡面 115g 桶装',4.00,'/Public/img/goods/23.jpg','http://pic29.nipic.com/20130525/5890690_184803578000_2.jpg,http://pica.nipic.com/2007-12-19/2007121911592513_2.jpg,http://pic22.nipic.com/20120720/8989765_092835333150_2.jpg','2015-04-30 00:00:00',0,2,'泡面，方便面，速食',102,NULL,500,4208,'所有食品都是绿色食品，不含防腐剂，您吃的放心是我们的荣幸','2016-09-16 20:55:53','2016-09-16 20:55:53'),(10301,3,'178','亲嘴烧 卫龙',1.00,'/Public/img/goods/9280c8519530206c.jpg','http://pic29.nipic.com/20130525/5890690_184803578000_2.jpg,http://pica.nipic.com/2007-12-19/2007121911592513_2.jpg,http://pic22.nipic.com/20120720/8989765_092835333150_2.jpg','2015-05-06 00:00:00',0,2,'辣条，豆干，方便速食，爆款',103,NULL,500,4202,'所有食品都是绿色食品，不含防腐剂，您吃的放心是我们的荣幸','2016-09-16 20:55:53','2016-09-16 20:55:53'),(10302,3,'178','卫龙辣条 128g',2.50,'/Public/img/goods/23.jpg','http://pic29.nipic.com/20130525/5890690_184803578000_2.jpg,http://pica.nipic.com/2007-12-19/2007121911592513_2.jpg,http://pic22.nipic.com/20120720/8989765_092835333150_2.jpg','2015-04-28 00:00:00',0,2,'辣条，豆干，方便速食',103,NULL,500,4208,'所有食品都是绿色食品，不含防腐剂，您吃的放心是我们的荣幸','2016-09-16 20:55:53','2016-09-16 20:55:53'),(10401,3,'2','甜玉米 香肠 45g',1.50,'/Public/img/goods/9280c8519530206c.jpg','http://pic29.nipic.com/20130525/5890690_184803578000_2.jpg,http://pica.nipic.com/2007-12-19/2007121911592513_2.jpg,http://pic22.nipic.com/20120720/8989765_092835333150_2.jpg','2015-04-30 00:00:00',0,2,'香肠，火腿，速食，肉干肉脯',104,NULL,500,4208,'所有食品都是绿色食品，不含防腐剂，您吃的放心是我们的荣幸','2016-09-16 20:55:53','2016-09-16 20:55:53'),(10402,3,'2','双汇王中王 火腿 35g',1.00,'/Public/img/goods/23.jpg','http://pic29.nipic.com/20130525/5890690_184803578000_2.jpg,http://pica.nipic.com/2007-12-19/2007121911592513_2.jpg,http://pic22.nipic.com/20120720/8989765_092835333150_2.jpg','2015-04-26 00:00:00',0,2,'火腿肠，烤肠，肠，速食，肉干肉脯，爆款',104,NULL,500,4208,'所有食品都是绿色食品，不含防腐剂，您吃的放心是我们的荣幸','2016-09-16 20:55:53','2016-09-16 20:55:53'),(10403,3,'2','双汇王中王 火腿 70g',2.00,'/Public/img/goods/10584128_131324463183_2.jpg','http://pic29.nipic.com/20130525/5890690_184803578000_2.jpg,http://pica.nipic.com/2007-12-19/2007121911592513_2.jpg,http://pic22.nipic.com/20120720/8989765_092835333150_2.jpg','2015-04-20 00:00:00',0,2,'火腿肠，烤肠，肠，速食，肉干肉脯',104,NULL,500,4208,'所有食品都是绿色食品，不含防腐剂，您吃的放心是我们的荣幸','2016-09-16 20:55:53','2016-09-16 20:55:53'),(10404,3,'2','润口香甜王 香肠 48g',1.00,'/Public/img/goods/W020150327373576406347.jpg','http://pic29.nipic.com/20130525/5890690_184803578000_2.jpg,http://pica.nipic.com/2007-12-19/2007121911592513_2.jpg,http://pic22.nipic.com/20120720/8989765_092835333150_2.jpg','2015-04-20 00:00:00',0,2,'火腿肠，烤肠，肠，速食，肉干肉脯',104,NULL,500,4208,'所有食品都是绿色食品，不含防腐剂，您吃的放心是我们的荣幸','2016-09-16 20:55:53','2016-09-16 20:55:53'),(10405,3,'2','双汇鸡肉肠 70g',1.20,'/Public/img/goods/23.jpg','http://pic29.nipic.com/20130525/5890690_184803578000_2.jpg,http://pica.nipic.com/2007-12-19/2007121911592513_2.jpg,http://pic22.nipic.com/20120720/8989765_092835333150_2.jpg','2015-04-20 00:00:00',0,2,'火腿肠，烤肠，肠，速食，肉干肉脯',104,NULL,500,4208,'所有食品都是绿色食品，不含防腐剂，您吃的放心是我们的荣幸','2016-09-16 20:55:53','2016-09-16 20:55:53'),(10406,3,'2','润口香甜王 香肠 95g',2.50,'/Public/img/goods/9280c8519530206c.jpg','http://pic29.nipic.com/20130525/5890690_184803578000_2.jpg,http://pica.nipic.com/2007-12-19/2007121911592513_2.jpg,http://pic22.nipic.com/20120720/8989765_092835333150_2.jpg','2015-04-20 00:00:00',0,2,'火腿肠，烤肠，肠，速食，肉干肉脯',104,NULL,500,4208,'所有食品都是绿色食品，不含防腐剂，您吃的放心是我们的荣幸','2016-09-16 20:55:53','2016-09-16 20:55:53'),(10407,3,'2','双汇 肉花肠 90g',2.00,'/Public/img/goods/23.jpg','http://pic29.nipic.com/20130525/5890690_184803578000_2.jpg,http://pica.nipic.com/2007-12-19/2007121911592513_2.jpg,http://pic22.nipic.com/20120720/8989765_092835333150_2.jpg','2015-04-20 00:00:00',0,2,'火腿肠，烤肠，肠，速食，肉干肉脯',104,NULL,500,4208,'所有食品都是绿色食品，不含防腐剂，您吃的放心是我们的荣幸','2016-09-16 20:55:53','2016-09-16 20:55:53'),(10408,3,'2','双汇 汇享来 火腿肠 150g',2.50,'/Public/img/goods/10584128_131324463183_2.jpg','http://pic29.nipic.com/20130525/5890690_184803578000_2.jpg,http://pica.nipic.com/2007-12-19/2007121911592513_2.jpg,http://pic22.nipic.com/20120720/8989765_092835333150_2.jpg','2015-04-20 00:00:00',0,2,'火腿肠，烤肠，肠，速食，肉干肉脯',104,NULL,500,4208,'所有食品都是绿色食品，不含防腐剂，您吃的放心是我们的荣幸','2016-09-16 20:55:53','2016-09-16 20:55:53'),(10409,3,'2','泡面拍档 香肠 90g',2.50,'/Public/img/goods/W020150327373576406347.jpg','http://pic29.nipic.com/20130525/5890690_184803578000_2.jpg,http://pica.nipic.com/2007-12-19/2007121911592513_2.jpg,http://pic22.nipic.com/20120720/8989765_092835333150_2.jpg','2015-04-30 00:00:00',0,2,'火腿肠，烤肠，肠，速食，肉干肉脯',104,NULL,500,4208,'所有食品都是绿色食品，不含防腐剂，您吃的放心是我们的荣幸','2016-09-16 20:55:53','2016-09-16 20:55:53'),(10410,3,'2','弹脆 香肠 70g',2.00,'/Public/img/goods/23.jpg','http://pic29.nipic.com/20130525/5890690_184803578000_2.jpg,http://pica.nipic.com/2007-12-19/2007121911592513_2.jpg,http://pic22.nipic.com/20120720/8989765_092835333150_2.jpg','2015-04-20 00:00:00',0,2,'火腿肠，烤肠，肠，速食，肉干肉脯',104,NULL,500,4208,'所有食品都是绿色食品，不含防腐剂，您吃的放心是我们的荣幸','2016-09-16 20:55:53','2016-09-16 20:55:53'),(10411,3,'2','双汇 香辣香脆肠',1.50,'/Public/img/goods/9280c8519530206c.jpg','http://pic29.nipic.com/20130525/5890690_184803578000_2.jpg,http://pica.nipic.com/2007-12-19/2007121911592513_2.jpg,http://pic22.nipic.com/20120720/8989765_092835333150_2.jpg','2015-04-20 00:00:00',0,2,'火腿肠，烤肠，肠，速食，肉干肉脯',104,NULL,500,4208,'所有食品都是绿色食品，不含防腐剂，您吃的放心是我们的荣幸','2016-09-16 20:55:53','2016-09-16 20:55:53'),(10412,3,'2','双汇 玉米热狗肠',1.20,'/Public/img/goods/23.jpg','http://pic29.nipic.com/20130525/5890690_184803578000_2.jpg,http://pica.nipic.com/2007-12-19/2007121911592513_2.jpg,http://pic22.nipic.com/20120720/8989765_092835333150_2.jpg','2015-04-20 00:00:00',0,2,'火腿肠，烤肠，肠，速食，肉干肉脯',104,NULL,500,4208,'所有食品都是绿色食品，不含防腐剂，您吃的放心是我们的荣幸','2016-09-16 20:55:53','2016-09-16 20:55:53'),(10413,3,'2','双汇 润口香甜王 玉米风味香肠 一包',8.00,'/Public/img/goods/10584128_131324463183_2.jpg','http://pic29.nipic.com/20130525/5890690_184803578000_2.jpg,http://pica.nipic.com/2007-12-19/2007121911592513_2.jpg,http://pic22.nipic.com/20120720/8989765_092835333150_2.jpg','2015-04-20 00:00:00',0,2,'火腿肠，烤肠，肠，速食，肉干肉脯',104,NULL,500,4208,'所有食品都是绿色食品，不含防腐剂，您吃的放心是我们的荣幸','2016-09-16 20:55:53','2016-09-16 20:55:53'),(10414,3,'2','双汇 泡面拍档 香肠 一包',7.00,'/Public/img/goods/W020150327373576406347.jpg','http://pic29.nipic.com/20130525/5890690_184803578000_2.jpg,http://pica.nipic.com/2007-12-19/2007121911592513_2.jpg,http://pic22.nipic.com/20120720/8989765_092835333150_2.jpg','2015-04-26 00:00:00',0,2,'火腿肠，烤肠，肠，速食，肉干肉脯，爆款',104,NULL,500,4208,'所有食品都是绿色食品，不含防腐剂，您吃的放心是我们的荣幸','2016-09-16 20:55:53','2016-09-16 20:55:53'),(10415,3,'2','双汇 蒜蓉烤肠 105g',3.50,'/Public/img/goods/23.jpg','http://pic29.nipic.com/20130525/5890690_184803578000_2.jpg,http://pica.nipic.com/2007-12-19/2007121911592513_2.jpg,http://pic22.nipic.com/20120720/8989765_092835333150_2.jpg','2015-04-20 00:00:00',0,2,'火腿肠，烤肠，肠，速食，肉干肉脯',104,NULL,500,4208,'所有食品都是绿色食品，不含防腐剂，您吃的放心是我们的荣幸','2016-09-16 20:55:53','2016-09-16 20:55:53'),(10416,3,'2','吾必香 爆蜡 鸭脖 20g',1.50,'/Public/img/goods/9280c8519530206c.jpg','http://pic29.nipic.com/20130525/5890690_184803578000_2.jpg,http://pica.nipic.com/2007-12-19/2007121911592513_2.jpg,http://pic22.nipic.com/20120720/8989765_092835333150_2.jpg','2015-04-20 00:00:00',0,2,'火腿肠，烤肠，肠，速食，肉干肉脯',104,NULL,500,4208,'所有食品都是绿色食品，不含防腐剂，您吃的放心是我们的荣幸','2016-09-16 20:55:53','2016-09-16 20:55:53'),(10418,3,'2','乡巴佬 卤蛋',1.50,'/Public/img/goods/10584128_131324463183_2.jpg','http://pic29.nipic.com/20130525/5890690_184803578000_2.jpg,http://pica.nipic.com/2007-12-19/2007121911592513_2.jpg,http://pic22.nipic.com/20120720/8989765_092835333150_2.jpg','2015-04-20 00:00:00',0,2,'火腿肠，卤蛋，烤肠，肠，速食，肉干肉脯',104,NULL,500,4208,'所有食品都是绿色食品，不含防腐剂，您吃的放心是我们的荣幸','2016-09-16 20:55:53','2016-09-16 20:55:53'),(10502,1,'178','乐天巧克力牛奶 200ml 韩国进口',6.50,'/Public/img/goods/23.jpg','http://pic29.nipic.com/20130525/5890690_184803578000_2.jpg,http://pica.nipic.com/2007-12-19/2007121911592513_2.jpg,http://pic22.nipic.com/20120720/8989765_092835333150_2.jpg','2015-04-30 00:00:00',0,2,'牛奶，进口，特色',105,NULL,500,4102,'所有食品都是绿色食品，不含防腐剂，您吃的放心是我们的荣幸','2016-09-16 20:55:53','2016-09-16 20:55:53'),(10503,1,'178','乐天香蕉牛奶 200ml 韩国进口',6.50,'/Public/img/goods/10584128_131324463183_2.jpg','http://pic29.nipic.com/20130525/5890690_184803578000_2.jpg,http://pica.nipic.com/2007-12-19/2007121911592513_2.jpg,http://pic22.nipic.com/20120720/8989765_092835333150_2.jpg','2015-04-30 00:00:00',0,2,'牛奶，进口，特色',105,NULL,500,-8993,'所有食品都是绿色食品，不含防腐剂，您吃的放心是我们的荣幸','2016-09-16 20:55:53','2016-09-16 20:55:53'),(10504,1,'178','绿力500 芒果汁 490ml',6.00,'/Public/img/goods/W020150327373576406347.jpg','http://pic29.nipic.com/20130525/5890690_184803578000_2.jpg,http://pica.nipic.com/2007-12-19/2007121911592513_2.jpg,http://pic22.nipic.com/20120720/8989765_092835333150_2.jpg','2015-05-05 00:00:00',0,2,'进口，咖啡饮料，特色',105,NULL,500,4197,'所有食品都是绿色食品，不含防腐剂，您吃的放心是我们的荣幸','2016-09-16 20:55:53','2016-09-16 20:55:53'),(10505,1,'178','明屋木瓜牛奶',10.00,'/Public/img/goods/23.jpg','http://pic29.nipic.com/20130525/5890690_184803578000_2.jpg,http://pica.nipic.com/2007-12-19/2007121911592513_2.jpg,http://pic22.nipic.com/20120720/8989765_092835333150_2.jpg','2015-05-05 00:00:00',0,2,'牛奶，进口，上新，咖饮料啡',105,NULL,500,4175,'所有食品都是绿色食品，不含防腐剂，您吃的放心是我们的荣幸','2016-09-16 20:55:53','2016-09-16 20:55:53'),(10506,1,'178','葡萄干曲奇饼干 90g',10.00,'/Public/img/goods/9280c8519530206c.jpg','http://pic29.nipic.com/20130525/5890690_184803578000_2.jpg,http://pica.nipic.com/2007-12-19/2007121911592513_2.jpg,http://pic22.nipic.com/20120720/8989765_092835333150_2.jpg','2015-04-30 00:00:00',0,2,'进口，饼干糕点，热卖',105,NULL,500,4208,'所有食品都是绿色食品，不含防腐剂，您吃的放心是我们的荣幸','2016-09-16 20:55:53','2016-09-16 20:55:53'),(10507,1,'178','7D芒果干 100g',8.50,'/Public/img/goods/23.jpg','http://pic29.nipic.com/20130525/5890690_184803578000_2.jpg,http://pica.nipic.com/2007-12-19/2007121911592513_2.jpg,http://pic22.nipic.com/20120720/8989765_092835333150_2.jpg','2015-04-30 00:00:00',0,2,'进口，特色，糖果',105,NULL,500,4197,'所有食品都是绿色食品，不含防腐剂，您吃的放心是我们的荣幸','2016-09-16 20:55:53','2016-09-16 20:55:53'),(10601,1,'178','黄桃水罐头 500g （该商品当天送达）',19.00,'/Public/img/goods/9280c8519530206c.jpg','http://pic29.nipic.com/20130525/5890690_184803578000_2.jpg,http://pica.nipic.com/2007-12-19/2007121911592513_2.jpg,http://pic22.nipic.com/20120720/8989765_092835333150_2.jpg','2015-05-04 00:00:00',0,2,'进口，饮料，特色',106,NULL,500,4206,'所有食品都是绿色食品，不含防腐剂，您吃的放心是我们的荣幸','2016-09-16 20:55:53','2016-09-16 20:55:53'),(10602,1,'178','菠萝糖水罐头 210g（该商品当天送达）',17.00,'/Public/img/goods/23.jpg','http://pic29.nipic.com/20130525/5890690_184803578000_2.jpg,http://pica.nipic.com/2007-12-19/2007121911592513_2.jpg,http://pic22.nipic.com/20120720/8989765_092835333150_2.jpg','2015-05-04 00:00:00',0,2,'进口，饮料，特色',106,NULL,500,4208,'所有食品都是绿色食品，不含防腐剂，您吃的放心是我们的荣幸','2016-09-16 20:55:53','2016-09-16 20:55:53'),(10603,1,'178','香辣小银鱼 200g（该商品当天送达）',22.00,'/Public/img/goods/10584128_131324463183_2.jpg','http://pic29.nipic.com/20130525/5890690_184803578000_2.jpg,http://pica.nipic.com/2007-12-19/2007121911592513_2.jpg,http://pic22.nipic.com/20120720/8989765_092835333150_2.jpg','2015-05-04 00:00:00',0,2,'进口，饮料，特色',106,NULL,500,4208,'所有食品都是绿色食品，不含防腐剂，您吃的放心是我们的荣幸','2016-09-16 20:55:53','2016-09-16 20:55:53'),(10604,1,'178','椰蓉香蕉饼 200g（该商品当天送达）',23.00,'/Public/img/goods/W020150327373576406347.jpg','http://pic29.nipic.com/20130525/5890690_184803578000_2.jpg,http://pica.nipic.com/2007-12-19/2007121911592513_2.jpg,http://pic22.nipic.com/20120720/8989765_092835333150_2.jpg','2015-05-04 00:00:00',0,2,'进口，饮料，特色',106,NULL,500,4208,'所有食品都是绿色食品，不含防腐剂，您吃的放心是我们的荣幸','2016-09-16 20:55:53','2016-09-16 20:55:53'),(10605,1,'178','铁板奶酪鱿鱼丝 150g（该商品当天送达）',22.00,'/Public/img/goods/23.jpg','http://pic29.nipic.com/20130525/5890690_184803578000_2.jpg,http://pica.nipic.com/2007-12-19/2007121911592513_2.jpg,http://pic22.nipic.com/20120720/8989765_092835333150_2.jpg','2015-05-04 00:00:00',0,2,'进口，饮料，特色',106,NULL,500,4205,'所有食品都是绿色食品，不含防腐剂，您吃的放心是我们的荣幸','2016-09-16 20:55:53','2016-09-16 20:55:53'),(10607,1,'178','蔓越莓沙琪玛 205g（该商品当天送达）',23.00,'/Public/img/goods/23.jpg','http://pic29.nipic.com/20130525/5890690_184803578000_2.jpg,http://pica.nipic.com/2007-12-19/2007121911592513_2.jpg,http://pic22.nipic.com/20120720/8989765_092835333150_2.jpg','2015-05-04 00:00:00',0,2,'进口，特色，糖果',106,NULL,500,4208,'所有食品都是绿色食品，不含防腐剂，您吃的放心是我们的荣幸','2016-09-16 20:55:53','2016-09-16 20:55:53'),(10608,1,'178','蜜汁猪肉脯 250g（该商品当天送达）',25.00,'/Public/img/goods/10584128_131324463183_2.jpg','http://pic29.nipic.com/20130525/5890690_184803578000_2.jpg,http://pica.nipic.com/2007-12-19/2007121911592513_2.jpg,http://pic22.nipic.com/20120720/8989765_092835333150_2.jpg','2015-05-04 00:00:00',0,2,'进口，特色，糖果，肉干肉脯',106,NULL,500,4208,'所有食品都是绿色食品，不含防腐剂，您吃的放心是我们的荣幸','2016-09-16 20:55:53','2016-09-16 20:55:53'),(10609,1,'178','椰蓉糯米糕 380g（该商品当天送达）',22.00,'/Public/img/goods/W020150327373576406347.jpg','http://pic29.nipic.com/20130525/5890690_184803578000_2.jpg,http://pica.nipic.com/2007-12-19/2007121911592513_2.jpg,http://pic22.nipic.com/20120720/8989765_092835333150_2.jpg','2015-05-04 00:00:00',0,2,'进口，特色，糖果，肉干肉脯',106,NULL,500,4208,'所有食品都是绿色食品，不含防腐剂，您吃的放心是我们的荣幸','2016-09-16 20:55:53','2016-09-16 20:55:53'),(10610,1,'178','酸奶条 230g（该商品当天送达）',21.00,'/Public/img/goods/23.jpg','http://pic29.nipic.com/20130525/5890690_184803578000_2.jpg,http://pica.nipic.com/2007-12-19/2007121911592513_2.jpg,http://pic22.nipic.com/20120720/8989765_092835333150_2.jpg','2015-05-04 00:00:00',0,2,'进口，特色，糖果',106,NULL,500,4208,'所有食品都是绿色食品，不含防腐剂，您吃的放心是我们的荣幸','2016-09-16 20:55:53','2016-09-16 20:55:53'),(10611,1,'178','山楂球 280g（该商品当天送达）',17.00,'/Public/img/goods/9280c8519530206c.jpg','http://pic29.nipic.com/20130525/5890690_184803578000_2.jpg,http://pica.nipic.com/2007-12-19/2007121911592513_2.jpg,http://pic22.nipic.com/20120720/8989765_092835333150_2.jpg','2015-05-04 00:00:00',0,2,'进口，特色，糖果',106,NULL,500,4208,'所有食品都是绿色食品，不含防腐剂，您吃的放心是我们的荣幸','2016-09-16 20:55:53','2016-09-16 20:55:53'),(10612,1,'178','香蕉片 200g（该商品当天送达）',14.50,'/Public/img/goods/23.jpg','http://pic29.nipic.com/20130525/5890690_184803578000_2.jpg,http://pica.nipic.com/2007-12-19/2007121911592513_2.jpg,http://pic22.nipic.com/20120720/8989765_092835333150_2.jpg','2015-05-04 00:00:00',0,2,'进口，特色，糖果',106,NULL,500,4208,'所有食品都是绿色食品，不含防腐剂，您吃的放心是我们的荣幸','2016-09-16 20:55:53','2016-09-16 20:55:53'),(10613,1,'178','综合蔬果干 145g（该商品当天送达）',21.00,'/Public/img/goods/10584128_131324463183_2.jpg','http://pic29.nipic.com/20130525/5890690_184803578000_2.jpg,http://pica.nipic.com/2007-12-19/2007121911592513_2.jpg,http://pic22.nipic.com/20120720/8989765_092835333150_2.jpg','2015-05-04 00:00:00',0,2,'进口，特色，糖果',106,NULL,500,4208,'所有食品都是绿色食品，不含防腐剂，您吃的放心是我们的荣幸','2016-09-16 20:55:53','2016-09-16 20:55:53'),(10614,1,'178','肉松卷（一罐9个）180g',19.00,'/Public/img/goods/W020150327373576406347.jpg','http://pic29.nipic.com/20130525/5890690_184803578000_2.jpg,http://pica.nipic.com/2007-12-19/2007121911592513_2.jpg,http://pic22.nipic.com/20120720/8989765_092835333150_2.jpg','2015-05-04 00:00:00',0,2,'进口，特色，糖果',106,NULL,500,4208,'所有食品都是绿色食品，不含防腐剂，您吃的放心是我们的荣幸','2016-09-16 20:55:53','2016-09-16 20:55:53'),(10615,1,'178','独家牛肉 100g',22.00,'/Public/img/goods/23.jpg','http://pic29.nipic.com/20130525/5890690_184803578000_2.jpg,http://pica.nipic.com/2007-12-19/2007121911592513_2.jpg,http://pic22.nipic.com/20120720/8989765_092835333150_2.jpg','2015-05-04 00:00:00',0,2,'进口，特色，糖果，肉干肉脯',106,NULL,500,4208,'所有食品都是绿色食品，不含防腐剂，您吃的放心是我们的荣幸','2016-09-16 20:55:53','2016-09-16 20:55:53'),(10617,1,'178','香辣鳗鱼丝 200g',22.00,'/Public/img/goods/23.jpg','http://pic29.nipic.com/20130525/5890690_184803578000_2.jpg,http://pica.nipic.com/2007-12-19/2007121911592513_2.jpg,http://pic22.nipic.com/20120720/8989765_092835333150_2.jpg','2015-05-04 00:00:00',0,2,'进口，特色，糖果，肉干肉脯',106,NULL,500,4208,'所有食品都是绿色食品，不含防腐剂，您吃的放心是我们的荣幸','2016-09-16 20:55:53','2016-09-16 20:55:53'),(10618,1,'178','QQ金钱肉 250g',28.00,'/Public/img/goods/10584128_131324463183_2.jpg','http://pic29.nipic.com/20130525/5890690_184803578000_2.jpg,http://pica.nipic.com/2007-12-19/2007121911592513_2.jpg,http://pic22.nipic.com/20120720/8989765_092835333150_2.jpg','2015-05-04 00:00:00',0,2,'进口，特色，糖果，肉干肉脯',106,NULL,500,4208,'所有食品都是绿色食品，不含防腐剂，您吃的放心是我们的荣幸','2016-09-16 20:55:53','2016-09-16 20:55:53'),(10619,1,'178','水果燕麦片 240g',23.00,'/Public/img/goods/W020150327373576406347.jpg','http://pic29.nipic.com/20130525/5890690_184803578000_2.jpg,http://pica.nipic.com/2007-12-19/2007121911592513_2.jpg,http://pic22.nipic.com/20120720/8989765_092835333150_2.jpg','2015-05-04 00:00:00',0,2,'进口，饮料，特色',106,NULL,500,4208,'所有食品都是绿色食品，不含防腐剂，您吃的放心是我们的荣幸','2016-09-16 20:55:53','2016-09-16 20:55:53'),(10620,1,'178','花姑娘果脯 250g',23.00,'/Public/img/goods/23.jpg','http://pic29.nipic.com/20130525/5890690_184803578000_2.jpg,http://pica.nipic.com/2007-12-19/2007121911592513_2.jpg,http://pic22.nipic.com/20120720/8989765_092835333150_2.jpg','2015-05-04 00:00:00',0,2,'进口，特色，糖果，肉干肉脯',106,NULL,500,4208,'所有食品都是绿色食品，不含防腐剂，您吃的放心是我们的荣幸','2016-09-16 20:55:53','2016-09-16 20:55:53'),(10621,1,'178','甜甜圈 210g',22.00,'/Public/img/goods/9280c8519530206c.jpg','http://pic29.nipic.com/20130525/5890690_184803578000_2.jpg,http://pica.nipic.com/2007-12-19/2007121911592513_2.jpg,http://pic22.nipic.com/20120720/8989765_092835333150_2.jpg','2015-05-04 00:00:00',0,2,'进口，特色，糖果，肉干肉脯',106,NULL,500,4208,'所有食品都是绿色食品，不含防腐剂，您吃的放心是我们的荣幸','2016-09-16 20:55:53','2016-09-16 20:55:53'),(10622,1,'178','半边梅 250g',17.00,'/Public/img/goods/23.jpg','http://pic29.nipic.com/20130525/5890690_184803578000_2.jpg,http://pica.nipic.com/2007-12-19/2007121911592513_2.jpg,http://pic22.nipic.com/20120720/8989765_092835333150_2.jpg','2015-05-04 00:00:00',0,2,'进口，特色，糖果，肉干肉脯',106,NULL,500,4208,'所有食品都是绿色食品，不含防腐剂，您吃的放心是我们的荣幸','2016-09-16 20:55:53','2016-09-16 20:55:53'),(10623,1,'178','小金桔 280g',18.00,'/Public/img/goods/10584128_131324463183_2.jpg','http://pic29.nipic.com/20130525/5890690_184803578000_2.jpg,http://pica.nipic.com/2007-12-19/2007121911592513_2.jpg,http://pic22.nipic.com/20120720/8989765_092835333150_2.jpg','2015-05-04 00:00:00',0,2,'进口，特色，糖果，肉干肉脯',106,NULL,500,4205,'所有食品都是绿色食品，不含防腐剂，您吃的放心是我们的荣幸','2016-09-16 20:55:53','2016-09-16 20:55:53'),(10624,1,'178','酸奶梅 280g',19.00,'/Public/img/goods/W020150327373576406347.jpg','http://pic29.nipic.com/20130525/5890690_184803578000_2.jpg,http://pica.nipic.com/2007-12-19/2007121911592513_2.jpg,http://pic22.nipic.com/20120720/8989765_092835333150_2.jpg','2015-05-04 00:00:00',0,2,'进口，特色，糖果，肉干肉脯',106,NULL,500,4159,'所有食品都是绿色食品，不含防腐剂，您吃的放心是我们的荣幸','2016-09-16 20:55:53','2016-09-16 20:55:53'),(10625,1,'178','牛奶吐司 170g',21.00,'/Public/img/goods/23.jpg','http://pic29.nipic.com/20130525/5890690_184803578000_2.jpg,http://pica.nipic.com/2007-12-19/2007121911592513_2.jpg,http://pic22.nipic.com/20120720/8989765_092835333150_2.jpg','2015-05-04 00:00:00',0,2,'进口，特色，糖果，肉干肉脯',106,NULL,500,4192,'所有食品都是绿色食品，不含防腐剂，您吃的放心是我们的荣幸','2016-09-16 20:55:53','2016-09-16 20:55:53'),(10626,1,'178','冻玉米干 100g',19.00,'/Public/img/goods/9280c8519530206c.jpg','http://pic29.nipic.com/20130525/5890690_184803578000_2.jpg,http://pica.nipic.com/2007-12-19/2007121911592513_2.jpg,http://pic22.nipic.com/20120720/8989765_092835333150_2.jpg','2015-05-04 00:00:00',0,2,'进口，特色，糖果，肉干肉脯',106,NULL,500,4172,'所有食品都是绿色食品，不含防腐剂，您吃的放心是我们的荣幸','2016-09-16 20:55:53','2016-09-16 20:55:53'),(10701,1,'178','格力高 百奇巧克力味45g',6.00,'/Public/img/goods/9280c8519530206c.jpg','http://pic29.nipic.com/20130525/5890690_184803578000_2.jpg,http://pica.nipic.com/2007-12-19/2007121911592513_2.jpg,http://pic22.nipic.com/20120720/8989765_092835333150_2.jpg','2015-05-06 00:00:00',0,2,'进口，饼干糕点，热卖',107,NULL,500,4187,'所有食品都是绿色食品，不含防腐剂，您吃的放心是我们的荣幸','2016-09-16 20:55:53','2016-09-16 20:55:53'),(10702,1,'178','格力高 百奇抹茶味45g',6.00,'/Public/img/goods/23.jpg','http://pic29.nipic.com/20130525/5890690_184803578000_2.jpg,http://pica.nipic.com/2007-12-19/2007121911592513_2.jpg,http://pic22.nipic.com/20120720/8989765_092835333150_2.jpg','2015-05-06 00:00:00',0,2,'进口，饼干糕点，特色',107,NULL,500,4204,'所有食品都是绿色食品，不含防腐剂，您吃的放心是我们的荣幸','2016-09-16 20:55:53','2016-09-16 20:55:53'),(10703,1,'178','格力高 百奇牛奶草莓味45g',6.00,'/Public/img/goods/10584128_131324463183_2.jpg','http://pic29.nipic.com/20130525/5890690_184803578000_2.jpg,http://pica.nipic.com/2007-12-19/2007121911592513_2.jpg,http://pic22.nipic.com/20120720/8989765_092835333150_2.jpg','2015-05-06 00:00:00',0,2,'进口，饼干糕点，特色',107,NULL,500,4207,'所有食品都是绿色食品，不含防腐剂，您吃的放心是我们的荣幸','2016-09-16 20:55:53','2016-09-16 20:55:53'),(10704,1,'178','格力高 百奇蓝莓树莓味45g',6.00,'/Public/img/goods/W020150327373576406347.jpg','http://pic29.nipic.com/20130525/5890690_184803578000_2.jpg,http://pica.nipic.com/2007-12-19/2007121911592513_2.jpg,http://pic22.nipic.com/20120720/8989765_092835333150_2.jpg','2015-05-06 00:00:00',0,2,'进口，饼干糕点，特色',107,NULL,500,4208,'所有食品都是绿色食品，不含防腐剂，您吃的放心是我们的荣幸','2016-09-16 20:55:53','2016-09-16 20:55:53'),(10705,1,'178','好丽友蛋黄派 2枚/盒 46g',5.00,'/Public/img/goods/23.jpg','http://pic29.nipic.com/20130525/5890690_184803578000_2.jpg,http://pica.nipic.com/2007-12-19/2007121911592513_2.jpg,http://pic22.nipic.com/20120720/8989765_092835333150_2.jpg','2015-05-06 00:00:00',0,2,'饼干糕点，薯片，膨化，烘焙',107,NULL,500,4208,'所有食品都是绿色食品，不含防腐剂，您吃的放心是我们的荣幸','2016-09-16 20:55:53','2016-09-16 20:55:53'),(10706,1,'178','2包 宗味斋 原味蜜汁豆干',3.00,'/Public/img/goods/9280c8519530206c.jpg','http://pic29.nipic.com/20130525/5890690_184803578000_2.jpg,http://pica.nipic.com/2007-12-19/2007121911592513_2.jpg,http://pic22.nipic.com/20120720/8989765_092835333150_2.jpg','2015-05-06 00:00:00',0,2,'休闲，辣条豆干，肉干肉脯',107,NULL,500,4208,'所有食品都是绿色食品，不含防腐剂，您吃的放心是我们的荣幸','2016-09-16 20:55:53','2016-09-16 20:55:53'),(10707,1,'178','2包 旺友山椒花生',3.00,'/Public/img/goods/23.jpg','http://pic29.nipic.com/20130525/5890690_184803578000_2.jpg,http://pica.nipic.com/2007-12-19/2007121911592513_2.jpg,http://pic22.nipic.com/20120720/8989765_092835333150_2.jpg','2015-05-06 00:00:00',0,2,'休闲，辣条豆干，肉干肉脯',107,NULL,500,4208,'所有食品都是绿色食品，不含防腐剂，您吃的放心是我们的荣幸','2016-09-16 20:55:53','2016-09-16 20:55:53'),(10708,1,'178','2包 真之味 鸡蛋干',2.00,'/Public/img/goods/10584128_131324463183_2.jpg','http://pic29.nipic.com/20130525/5890690_184803578000_2.jpg,http://pica.nipic.com/2007-12-19/2007121911592513_2.jpg,http://pic22.nipic.com/20120720/8989765_092835333150_2.jpg','2015-05-06 00:00:00',0,2,'休闲，辣条豆干，肉干肉脯',107,NULL,500,4208,'所有食品都是绿色食品，不含防腐剂，您吃的放心是我们的荣幸','2016-09-16 20:55:53','2016-09-16 20:55:53'),(10709,1,'178','2包 友臣肉松饼',3.00,'/Public/img/goods/W020150327373576406347.jpg','http://pic29.nipic.com/20130525/5890690_184803578000_2.jpg,http://pica.nipic.com/2007-12-19/2007121911592513_2.jpg,http://pic22.nipic.com/20120720/8989765_092835333150_2.jpg','2015-05-06 00:00:00',0,2,'休闲，肉干肉脯，特色',107,NULL,500,4208,'所有食品都是绿色食品，不含防腐剂，您吃的放心是我们的荣幸','2016-09-16 20:55:53','2016-09-16 20:55:53'),(10710,1,'178','老北京蜂蜜枣糕',2.50,'/Public/img/goods/23.jpg','http://pic29.nipic.com/20130525/5890690_184803578000_2.jpg,http://pica.nipic.com/2007-12-19/2007121911592513_2.jpg,http://pic22.nipic.com/20120720/8989765_092835333150_2.jpg','2015-05-06 00:00:00',0,2,'休闲，饼干糕点，特色，爆款',107,NULL,500,4208,'所有食品都是绿色食品，不含防腐剂，您吃的放心是我们的荣幸','2016-09-16 20:55:53','2016-09-16 20:55:53'),(10711,1,'178','乐事忠于原味 桶装104g',8.50,'/Public/img/goods/9280c8519530206c.jpg','http://pic29.nipic.com/20130525/5890690_184803578000_2.jpg,http://pica.nipic.com/2007-12-19/2007121911592513_2.jpg,http://pic22.nipic.com/20120720/8989765_092835333150_2.jpg','2015-05-06 00:00:00',0,2,'薯片，糕点，坚果炒货，爆款',107,NULL,500,4208,'所有食品都是绿色食品，不含防腐剂，您吃的放心是我们的荣幸','2016-09-16 20:55:53','2016-09-16 20:55:53'),(10712,1,'178','采纳膜片 50g',2.00,'/Public/img/goods/23.jpg','http://pic29.nipic.com/20130525/5890690_184803578000_2.jpg,http://pica.nipic.com/2007-12-19/2007121911592513_2.jpg,http://pic22.nipic.com/20120720/8989765_092835333150_2.jpg','2015-05-06 00:00:00',0,2,'休闲，肉干肉脯，特色，坚果炒货',107,NULL,500,4208,'所有食品都是绿色食品，不含防腐剂，您吃的放心是我们的荣幸','2016-09-16 20:55:53','2016-09-16 20:55:53'),(10713,1,'178','洽洽香瓜子 110g',3.50,'/Public/img/goods/10584128_131324463183_2.jpg','http://pic29.nipic.com/20130525/5890690_184803578000_2.jpg,http://pica.nipic.com/2007-12-19/2007121911592513_2.jpg,http://pic22.nipic.com/20120720/8989765_092835333150_2.jpg','2015-05-06 00:00:00',0,2,'坚果炒货，糖果布丁，特色',107,NULL,500,4205,'所有食品都是绿色食品，不含防腐剂，您吃的放心是我们的荣幸','2016-09-16 20:55:53','2016-09-16 20:55:53'),(10714,1,'178','洽洽喀吱脆 老坛酸菜味51g一包',3.50,'/Public/img/goods/W020150327373576406347.jpg','http://pic29.nipic.com/20130525/5890690_184803578000_2.jpg,http://pica.nipic.com/2007-12-19/2007121911592513_2.jpg,http://pic22.nipic.com/20120720/8989765_092835333150_2.jpg','2015-05-06 00:00:00',0,2,'饼干糕点，薯片，膨化，烘焙，爆款',107,NULL,500,4195,'所有食品都是绿色食品，不含防腐剂，您吃的放心是我们的荣幸','2016-09-16 20:55:53','2016-09-16 20:55:53'),(10715,1,'178','洽洽喀吱脆 铁板烧烤味51g一包',3.50,'/Public/img/goods/23.jpg','http://pic29.nipic.com/20130525/5890690_184803578000_2.jpg,http://pica.nipic.com/2007-12-19/2007121911592513_2.jpg,http://pic22.nipic.com/20120720/8989765_092835333150_2.jpg','2015-05-06 00:00:00',0,2,'饼干糕点，薯片，膨化，烘焙，爆款',107,NULL,500,4193,'所有食品都是绿色食品，不含防腐剂，您吃的放心是我们的荣幸','2016-09-16 20:55:53','2016-09-16 20:55:53'),(10716,1,'178','洽洽喀吱脆 纯香紫薯味51g一包',3.50,'/Public/img/goods/9280c8519530206c.jpg','http://pic29.nipic.com/20130525/5890690_184803578000_2.jpg,http://pica.nipic.com/2007-12-19/2007121911592513_2.jpg,http://pic22.nipic.com/20120720/8989765_092835333150_2.jpg','2015-05-07 00:00:00',0,2,'饼干糕点，薯片，膨化，烘焙，特色',107,NULL,500,4172,'所有食品都是绿色食品，不含防腐剂，您吃的放心是我们的荣幸','2016-09-16 20:55:53','2016-09-16 20:55:53'),(10718,1,'178','旺旺 仙贝520g',22.00,'/Public/img/goods/10584128_131324463183_2.jpg','http://pic29.nipic.com/20130525/5890690_184803578000_2.jpg,http://pica.nipic.com/2007-12-19/2007121911592513_2.jpg,http://pic22.nipic.com/20120720/8989765_092835333150_2.jpg','2015-05-07 00:00:00',0,2,'饼干糕点，薯片，膨化，烘焙，特色',107,NULL,500,4205,'所有食品都是绿色食品，不含防腐剂，您吃的放心是我们的荣幸','2016-09-16 20:55:53','2016-09-16 20:55:53'),(10719,1,'178','旺旺 雪饼520g',22.00,'/Public/img/goods/W020150327373576406347.jpg','http://pic29.nipic.com/20130525/5890690_184803578000_2.jpg,http://pica.nipic.com/2007-12-19/2007121911592513_2.jpg,http://pic22.nipic.com/20120720/8989765_092835333150_2.jpg','2015-05-07 00:00:00',0,2,'饼干糕点，薯片，膨化，烘焙，特色',107,NULL,500,4208,'所有食品都是绿色食品，不含防腐剂，您吃的放心是我们的荣幸','2016-09-16 20:55:53','2016-09-16 20:55:53'),(10720,1,'178','咪咪',0.70,'/Public/img/goods/23.jpg','http://pic29.nipic.com/20130525/5890690_184803578000_2.jpg,http://pica.nipic.com/2007-12-19/2007121911592513_2.jpg,http://pic22.nipic.com/20120720/8989765_092835333150_2.jpg','2015-05-07 00:00:00',0,2,'饼干糕点，薯片，膨化，烘焙',107,NULL,500,4190,'所有食品都是绿色食品，不含防腐剂，您吃的放心是我们的荣幸','2016-09-16 20:55:53','2016-09-16 20:55:53'),(10722,1,'178','咪咪 40包',20.00,'/Public/img/goods/23.jpg','http://pic29.nipic.com/20130525/5890690_184803578000_2.jpg,http://pica.nipic.com/2007-12-19/2007121911592513_2.jpg,http://pic22.nipic.com/20120720/8989765_092835333150_2.jpg','2015-05-07 00:00:00',0,2,'饼干糕点，薯片，膨化，烘焙',107,NULL,500,4072,'所有食品都是绿色食品，不含防腐剂，您吃的放心是我们的荣幸','2016-09-16 20:55:53','2016-09-16 20:55:53'),(19999,2,'178','葡萄干',8.00,'/Public/img/goods/W020150327373576406347.jpg','http://localhost:8080/ForyouImage/food/14415281877971852837910.jpg','2015-09-06 00:00:00',0,2,'',501,6.00,500,487,NULL,'2016-09-16 20:55:53','2016-09-16 20:55:53'),(20101,1,NULL,'可口可乐 600ml',3.00,'/Public/img/goods/9280c8519530206c.jpg','http://pic29.nipic.com/20130525/5890690_184803578000_2.jpg,http://pica.nipic.com/2007-12-19/2007121911592513_2.jpg,http://pic22.nipic.com/20120720/8989765_092835333150_2.jpg','2015-05-05 00:00:00',0,2,'可乐，咖啡饮料，雪碧，水',201,NULL,500,4206,'所有食品都是绿色食品，不含防腐剂，您吃的放心是我们的荣幸','2016-09-16 20:55:53','2016-09-16 20:55:53'),(20102,1,NULL,'雪碧柠檬味 330ml*6',12.50,'/Public/img/goods/23.jpg','http://pic29.nipic.com/20130525/5890690_184803578000_2.jpg,http://pica.nipic.com/2007-12-19/2007121911592513_2.jpg,http://pic22.nipic.com/20120720/8989765_092835333150_2.jpg','2015-05-05 00:00:00',0,2,'可乐，饮料,柠檬，雪碧',201,NULL,500,4148,'所有食品都是绿色食品，不含防腐剂，您吃的放心是我们的荣幸','2016-09-16 20:55:53','2016-09-16 20:55:53'),(20103,1,NULL,'可口可乐原味迷你装300ml',2.50,'/Public/img/goods/10584128_131324463183_2.jpg','http://pic29.nipic.com/20130525/5890690_184803578000_2.jpg,http://pica.nipic.com/2007-12-19/2007121911592513_2.jpg,http://pic22.nipic.com/20120720/8989765_092835333150_2.jpg','2015-05-06 00:00:00',0,2,'可乐，咖啡饮料',201,NULL,500,4084,'所有食品都是绿色食品，不含防腐剂，您吃的放心是我们的荣幸','2016-09-16 20:55:53','2016-09-16 20:55:53'),(20104,1,NULL,'雪碧600ml',3.00,'/Public/img/goods/W020150327373576406347.jpg','http://pic29.nipic.com/20130525/5890690_184803578000_2.jpg,http://pica.nipic.com/2007-12-19/2007121911592513_2.jpg,http://pic22.nipic.com/20120720/8989765_092835333150_2.jpg','2015-05-05 00:00:00',0,2,'可乐，咖啡饮料，雪碧',201,NULL,500,4194,'所有食品都是绿色食品，不含防腐剂，您吃的放心是我们的荣幸','2016-09-16 20:55:53','2016-09-16 20:55:53'),(20107,1,NULL,'百事可乐600ml',3.00,'/Public/img/goods/23.jpg','http://pic29.nipic.com/20130525/5890690_184803578000_2.jpg,http://pica.nipic.com/2007-12-19/2007121911592513_2.jpg,http://pic22.nipic.com/20120720/8989765_092835333150_2.jpg','2015-04-30 00:00:00',0,2,'可乐，饮料，百事',201,2.50,500,4208,'所有食品都是绿色食品，不含防腐剂，您吃的放心是我们的荣幸','2016-09-16 20:55:53','2016-09-16 20:55:53'),(20109,1,NULL,'芬达 碳酸饮料 橙味罐装330ml',2.50,'/Public/img/goods/W020150327373576406347.jpg','http://pic29.nipic.com/20130525/5890690_184803578000_2.jpg,http://pica.nipic.com/2007-12-19/2007121911592513_2.jpg,http://pic22.nipic.com/20120720/8989765_092835333150_2.jpg','2015-04-18 00:00:00',0,2,'可乐，饮料，雪碧，水',201,NULL,500,4208,'所有食品都是绿色食品，不含防腐剂，您吃的放心是我们的荣幸','2016-09-16 20:55:53','2016-09-16 20:55:53'),(20110,1,NULL,'雪碧 2L/瓶',8.00,'/Public/img/goods/23.jpg','http://pic29.nipic.com/20130525/5890690_184803578000_2.jpg,http://pica.nipic.com/2007-12-19/2007121911592513_2.jpg,http://pic22.nipic.com/20120720/8989765_092835333150_2.jpg','2015-04-30 00:00:00',0,2,'可乐，饮料，雪碧，水',201,NULL,500,4205,'所有食品都是绿色食品，不含防腐剂，您吃的放心是我们的荣幸','2016-09-16 20:55:53','2016-09-16 20:55:53'),(20111,1,NULL,'百事可乐2L/瓶 一瓶',8.00,'/Public/img/goods/9280c8519530206c.jpg','http://pic29.nipic.com/20130525/5890690_184803578000_2.jpg,http://pica.nipic.com/2007-12-19/2007121911592513_2.jpg,http://pic22.nipic.com/20120720/8989765_092835333150_2.jpg','2015-05-05 00:00:00',0,2,'可乐，咖啡饮料，雪碧，水',201,NULL,500,4207,'所有食品都是绿色食品，不含防腐剂，您吃的放心是我们的荣幸','2016-09-16 20:55:53','2016-09-16 20:55:53'),(20112,1,NULL,'芬达 橙味碳酸饮料600ml 一瓶',3.00,'/Public/img/goods/23.jpg','http://pic29.nipic.com/20130525/5890690_184803578000_2.jpg,http://pica.nipic.com/2007-12-19/2007121911592513_2.jpg,http://pic22.nipic.com/20120720/8989765_092835333150_2.jpg','2015-04-30 00:00:00',0,2,'可乐，饮料，雪碧，水',201,NULL,500,4208,'所有食品都是绿色食品，不含防腐剂，您吃的放心是我们的荣幸','2016-09-16 20:55:53','2016-09-16 20:55:53'),(20204,1,NULL,'统一绿茶500ml 一瓶',2.50,'/Public/img/goods/W020150327373576406347.jpg','http://pic29.nipic.com/20130525/5890690_184803578000_2.jpg,http://pica.nipic.com/2007-12-19/2007121911592513_2.jpg,http://pic22.nipic.com/20120720/8989765_092835333150_2.jpg','2015-04-18 00:00:00',0,2,'饮料，茶饮，水，统一',202,NULL,500,4208,'所有食品都是绿色食品，不含防腐剂，您吃的放心是我们的荣幸','2016-09-16 20:55:53','2016-09-16 20:55:53'),(20205,1,NULL,'康师傅茉莉蜜茶500ml',3.00,'/Public/img/goods/23.jpg','http://pic29.nipic.com/20130525/5890690_184803578000_2.jpg,http://pica.nipic.com/2007-12-19/2007121911592513_2.jpg,http://pic22.nipic.com/20120720/8989765_092835333150_2.jpg','2015-05-07 00:00:00',0,2,'饮料，茶饮，水，康师傅',202,NULL,500,4208,'所有食品都是绿色食品，不含防腐剂，您吃的放心是我们的荣幸','2016-09-16 20:55:53','2016-09-16 20:55:53'),(20206,1,NULL,'天喔蜂蜜柚子茶500ml',2.50,'/Public/img/goods/9280c8519530206c.jpg','http://pic29.nipic.com/20130525/5890690_184803578000_2.jpg,http://pica.nipic.com/2007-12-19/2007121911592513_2.jpg,http://pic22.nipic.com/20120720/8989765_092835333150_2.jpg','2015-04-18 00:00:00',0,2,'饮料，茶饮，水，康师傅',202,NULL,500,4208,'所有食品都是绿色食品，不含防腐剂，您吃的放心是我们的荣幸','2016-09-16 20:55:53','2016-09-16 20:55:53'),(20207,1,NULL,'农夫山泉水溶C100（西柚）445ml 一瓶',4.50,'/Public/img/goods/23.jpg','http://pic29.nipic.com/20130525/5890690_184803578000_2.jpg,http://pica.nipic.com/2007-12-19/2007121911592513_2.jpg,http://pic22.nipic.com/20120720/8989765_092835333150_2.jpg','2015-04-18 00:00:00',0,2,'饮料，果味饮品，水，农夫山泉',202,NULL,500,4208,'所有食品都是绿色食品，不含防腐剂，您吃的放心是我们的荣幸','2016-09-16 20:55:53','2016-09-16 20:55:53'),(20208,1,NULL,'加多宝凉茶310ml',4.00,'/Public/img/goods/10584128_131324463183_2.jpg','http://pic29.nipic.com/20130525/5890690_184803578000_2.jpg,http://pica.nipic.com/2007-12-19/2007121911592513_2.jpg,http://pic22.nipic.com/20120720/8989765_092835333150_2.jpg','2015-04-18 00:00:00',0,2,'凉茶，水，饮料',202,NULL,500,4208,'所有食品都是绿色食品，不含防腐剂，您吃的放心是我们的荣幸','2016-09-16 20:55:53','2016-09-16 20:55:53'),(20209,1,NULL,'康师傅冰红茶1L 产品略有更新，随机发货哦',4.50,'/Public/img/goods/W020150327373576406347.jpg','http://pic29.nipic.com/20130525/5890690_184803578000_2.jpg,http://pica.nipic.com/2007-12-19/2007121911592513_2.jpg,http://pic22.nipic.com/20120720/8989765_092835333150_2.jpg','2015-05-09 00:00:00',0,2,'饮料，茶饮，水，康师傅',202,NULL,500,4196,'所有食品都是绿色食品，不含防腐剂，您吃的放心是我们的荣幸','2016-09-16 20:55:53','2016-09-16 20:55:53'),(20210,1,NULL,'康师傅劲凉冰红茶600ml 产品有更新，随机发货哦',2.50,'/Public/img/goods/23.jpg','http://pic29.nipic.com/20130525/5890690_184803578000_2.jpg,http://pica.nipic.com/2007-12-19/2007121911592513_2.jpg,http://pic22.nipic.com/20120720/8989765_092835333150_2.jpg','2015-04-18 00:00:00',0,2,'饮料，茶饮，水，康师傅',202,NULL,500,4208,'所有食品都是绿色食品，不含防腐剂，您吃的放心是我们的荣幸','2016-09-16 20:55:53','2016-09-16 20:55:53'),(20211,1,NULL,'康师傅茉莉蜜茶 1L',5.00,'/Public/img/goods/9280c8519530206c.jpg','http://pic29.nipic.com/20130525/5890690_184803578000_2.jpg,http://pica.nipic.com/2007-12-19/2007121911592513_2.jpg,http://pic22.nipic.com/20120720/8989765_092835333150_2.jpg','2015-05-07 00:00:00',0,2,'咖啡饮料，维生素，水',202,NULL,500,4208,'所有食品都是绿色食品，不含防腐剂，您吃的放心是我们的荣幸','2016-09-16 20:55:53','2016-09-16 20:55:53'),(20212,1,NULL,'康师傅每日C 红葡萄500ml',3.00,'/Public/img/goods/23.jpg','http://pic29.nipic.com/20130525/5890690_184803578000_2.jpg,http://pica.nipic.com/2007-12-19/2007121911592513_2.jpg,http://pic22.nipic.com/20120720/8989765_092835333150_2.jpg','2015-05-07 00:00:00',0,2,'咖啡饮料，维生素，水',202,NULL,500,4208,'所有食品都是绿色食品，不含防腐剂，您吃的放心是我们的荣幸','2016-09-16 20:55:53','2016-09-16 20:55:53'),(20213,1,NULL,'康师傅茉莉清茶 1L',5.00,'/Public/img/goods/10584128_131324463183_2.jpg','http://pic29.nipic.com/20130525/5890690_184803578000_2.jpg,http://pica.nipic.com/2007-12-19/2007121911592513_2.jpg,http://pic22.nipic.com/20120720/8989765_092835333150_2.jpg','2015-05-07 00:00:00',0,2,'咖啡饮料，维生素，水',202,NULL,500,4208,'所有食品都是绿色食品，不含防腐剂，您吃的放心是我们的荣幸','2016-09-16 20:55:53','2016-09-16 20:55:53'),(20214,1,NULL,'康师傅蜂蜜柚子茶 500ml',3.00,'/Public/img/goods/W020150327373576406347.jpg','http://pic29.nipic.com/20130525/5890690_184803578000_2.jpg,http://pica.nipic.com/2007-12-19/2007121911592513_2.jpg,http://pic22.nipic.com/20120720/8989765_092835333150_2.jpg','2015-05-07 00:00:00',0,2,'咖啡饮料，维生素，水',202,NULL,500,4208,'所有食品都是绿色食品，不含防腐剂，您吃的放心是我们的荣幸','2016-09-16 20:55:53','2016-09-16 20:55:53'),(20215,1,NULL,'康师傅 冰糖雪梨500ml',3.00,'/Public/img/goods/23.jpg','http://pic29.nipic.com/20130525/5890690_184803578000_2.jpg,http://pica.nipic.com/2007-12-19/2007121911592513_2.jpg,http://pic22.nipic.com/20120720/8989765_092835333150_2.jpg','2015-05-07 00:00:00',0,2,'咖啡饮料，维生素，水',202,NULL,500,4207,'所有食品都是绿色食品，不含防腐剂，您吃的放心是我们的荣幸','2016-09-16 20:55:53','2016-09-16 20:55:53'),(20216,1,NULL,'冰红茶 1L',4.50,'/Public/img/goods/9280c8519530206c.jpg','http://pic29.nipic.com/20130525/5890690_184803578000_2.jpg,http://pica.nipic.com/2007-12-19/2007121911592513_2.jpg,http://pic22.nipic.com/20120720/8989765_092835333150_2.jpg','2015-05-09 00:00:00',0,2,'饮料，果汁，特色',202,NULL,500,4199,'所有食品都是绿色食品，不含防腐剂，您吃的放心是我们的荣幸','2016-09-16 20:55:53','2016-09-16 20:55:53'),(20301,1,NULL,'脉动500ml',4.00,'/Public/img/goods/9280c8519530206c.jpg','http://pic29.nipic.com/20130525/5890690_184803578000_2.jpg,http://pica.nipic.com/2007-12-19/2007121911592513_2.jpg,http://pic22.nipic.com/20120720/8989765_092835333150_2.jpg','2015-05-04 00:00:00',0,2,'饮料',203,NULL,500,4170,'所有食品都是绿色食品，不含防腐剂，您吃的放心是我们的荣幸','2016-09-16 20:55:53','2016-09-16 20:55:53'),(20302,1,NULL,'红牛能量250ml',6.00,'/Public/img/goods/23.jpg','http://pic29.nipic.com/20130525/5890690_184803578000_2.jpg,http://pica.nipic.com/2007-12-19/2007121911592513_2.jpg,http://pic22.nipic.com/20120720/8989765_092835333150_2.jpg','2015-04-30 00:00:00',0,2,'可乐，饮料',203,NULL,500,4208,'所有食品都是绿色食品，不含防腐剂，您吃的放心是我们的荣幸','2016-09-16 20:55:53','2016-09-16 20:55:53'),(20304,1,NULL,'中沃苏打水350ml',3.50,'/Public/img/goods/W020150327373576406347.jpg','http://pic29.nipic.com/20130525/5890690_184803578000_2.jpg,http://pica.nipic.com/2007-12-19/2007121911592513_2.jpg,http://pic22.nipic.com/20120720/8989765_092835333150_2.jpg','2015-04-18 00:00:00',0,2,'水，饮料',203,NULL,500,4208,'所有食品都是绿色食品，不含防腐剂，您吃的放心是我们的荣幸','2016-09-16 20:55:53','2016-09-16 20:55:53'),(20305,1,NULL,'农夫维他命水功能饮料500ml',3.90,'/Public/img/goods/23.jpg','http://pic29.nipic.com/20130525/5890690_184803578000_2.jpg,http://pica.nipic.com/2007-12-19/2007121911592513_2.jpg,http://pic22.nipic.com/20120720/8989765_092835333150_2.jpg','2015-04-18 00:00:00',0,2,'饮料，果味饮品，水，农夫山泉',203,NULL,500,4208,'所有食品都是绿色食品，不含防腐剂，您吃的放心是我们的荣幸','2016-09-16 20:55:53','2016-09-16 20:55:53'),(20306,1,NULL,'达利园乐虎功能饮料380ml 红牛口味',6.00,'/Public/img/goods/9280c8519530206c.jpg','http://pic29.nipic.com/20130525/5890690_184803578000_2.jpg,http://pica.nipic.com/2007-12-19/2007121911592513_2.jpg,http://pic22.nipic.com/20120720/8989765_092835333150_2.jpg','2015-04-30 00:00:00',0,2,'饮料，维生素，功能饮料，水',203,NULL,500,4204,'所有食品都是绿色食品，不含防腐剂，您吃的放心是我们的荣幸','2016-09-16 20:55:53','2016-09-16 20:55:53'),(20307,1,NULL,'东鹏特饮380ml',4.00,'/Public/img/goods/23.jpg','http://pic29.nipic.com/20130525/5890690_184803578000_2.jpg,http://pica.nipic.com/2007-12-19/2007121911592513_2.jpg,http://pic22.nipic.com/20120720/8989765_092835333150_2.jpg','2015-04-18 00:00:00',0,2,'饮料，维生素，功能饮料，水',203,NULL,500,4208,'所有食品都是绿色食品，不含防腐剂，您吃的放心是我们的荣幸','2016-09-16 20:55:53','2016-09-16 20:55:53'),(20308,1,NULL,'黑卡6小时维生素果味饮料450ml',6.00,'/Public/img/goods/10584128_131324463183_2.jpg','http://pic29.nipic.com/20130525/5890690_184803578000_2.jpg,http://pica.nipic.com/2007-12-19/2007121911592513_2.jpg,http://pic22.nipic.com/20120720/8989765_092835333150_2.jpg','2015-04-18 00:00:00',0,2,'饮料，维生素，功能饮料，水',203,NULL,500,4208,'所有食品都是绿色食品，不含防腐剂，您吃的放心是我们的荣幸','2016-09-16 20:55:53','2016-09-16 20:55:53'),(20309,1,NULL,'娃哈哈启力维生素功能饮料250ml',6.00,'/Public/img/goods/W020150327373576406347.jpg','http://pic29.nipic.com/20130525/5890690_184803578000_2.jpg,http://pica.nipic.com/2007-12-19/2007121911592513_2.jpg,http://pic22.nipic.com/20120720/8989765_092835333150_2.jpg','2015-04-29 00:00:00',0,2,'饮料，维生素，功能饮料，水',203,NULL,500,4208,'所有食品都是绿色食品，不含防腐剂，您吃的放心是我们的荣幸','2016-09-16 20:55:53','2016-09-16 20:55:53'),(20310,1,NULL,'尖叫550ml',5.00,'/Public/img/goods/23.jpg','http://pic29.nipic.com/20130525/5890690_184803578000_2.jpg,http://pica.nipic.com/2007-12-19/2007121911592513_2.jpg,http://pic22.nipic.com/20120720/8989765_092835333150_2.jpg','2015-05-07 00:00:00',0,2,'咖啡饮料，维生素，功能饮料，水',203,NULL,500,4125,'所有食品都是绿色食品，不含防腐剂，您吃的放心是我们的荣幸','2016-09-16 20:55:53','2016-09-16 20:55:53'),(20401,1,NULL,'绿力500 水蜜桃汁 490ml',6.00,'/Public/img/goods/9280c8519530206c.jpg','http://pic29.nipic.com/20130525/5890690_184803578000_2.jpg,http://pica.nipic.com/2007-12-19/2007121911592513_2.jpg,http://pic22.nipic.com/20120720/8989765_092835333150_2.jpg','2015-05-05 00:00:00',0,2,'饮料，果汁，牛奶，特色',204,NULL,500,4208,'所有食品都是绿色食品，不含防腐剂，您吃的放心是我们的荣幸','2016-09-16 20:55:53','2016-09-16 20:55:53'),(20402,1,NULL,'欢乐家 糖水桔子罐头460g',9.50,'/Public/img/goods/23.jpg','http://pic29.nipic.com/20130525/5890690_184803578000_2.jpg,http://pica.nipic.com/2007-12-19/2007121911592513_2.jpg,http://pic22.nipic.com/20120720/8989765_092835333150_2.jpg','2015-04-30 00:00:00',0,2,'饮料，罐头，特色',204,NULL,500,4206,'所有食品都是绿色食品，不含防腐剂，您吃的放心是我们的荣幸','2016-09-16 20:55:53','2016-09-16 20:55:53'),(20404,1,NULL,'欢乐家冰糖雪梨罐头 460g',9.50,'/Public/img/goods/W020150327373576406347.jpg','http://pic29.nipic.com/20130525/5890690_184803578000_2.jpg,http://pica.nipic.com/2007-12-19/2007121911592513_2.jpg,http://pic22.nipic.com/20120720/8989765_092835333150_2.jpg','2015-04-30 00:00:00',0,2,'饮料，罐头，特色',204,NULL,500,4208,'所有食品都是绿色食品，不含防腐剂，您吃的放心是我们的荣幸','2016-09-16 20:55:53','2016-09-16 20:55:53'),(20406,1,NULL,'欢乐家生榨芒果汁 500ml',6.00,'/Public/img/goods/9280c8519530206c.jpg','http://pic29.nipic.com/20130525/5890690_184803578000_2.jpg,http://pica.nipic.com/2007-12-19/2007121911592513_2.jpg,http://pic22.nipic.com/20120720/8989765_092835333150_2.jpg','2015-05-09 00:00:00',0,2,'饮料，果汁，牛奶，特色',204,NULL,500,4204,'所有食品都是绿色食品，不含防腐剂，您吃的放心是我们的荣幸','2016-09-16 20:55:53','2016-09-16 20:55:53'),(20407,1,NULL,'汇源100%桃汁 1L',15.00,'/Public/img/goods/23.jpg','http://pic29.nipic.com/20130525/5890690_184803578000_2.jpg,http://pica.nipic.com/2007-12-19/2007121911592513_2.jpg,http://pic22.nipic.com/20120720/8989765_092835333150_2.jpg','2015-05-09 00:00:00',0,2,'果汁，咖啡饮料，牛奶',204,NULL,500,4156,'所有食品都是绿色食品，不含防腐剂，您吃的放心是我们的荣幸','2016-09-16 20:55:53','2016-09-16 20:55:53'),(20502,1,NULL,'怡宝矿泉水 1555ml',4.00,'/Public/img/goods/23.jpg','http://pic29.nipic.com/20130525/5890690_184803578000_2.jpg,http://pica.nipic.com/2007-12-19/2007121911592513_2.jpg,http://pic22.nipic.com/20120720/8989765_092835333150_2.jpg','2015-04-30 00:00:00',0,2,'饮料，纯净水',205,NULL,500,4208,'所有食品都是绿色食品，不含防腐剂，您吃的放心是我们的荣幸','2016-09-16 20:55:53','2016-09-16 20:55:53'),(20601,1,NULL,'正宗椰树椰汁 245ml',3.00,'/Public/img/goods/9280c8519530206c.jpg','http://pic29.nipic.com/20130525/5890690_184803578000_2.jpg,http://pica.nipic.com/2007-12-19/2007121911592513_2.jpg,http://pic22.nipic.com/20120720/8989765_092835333150_2.jpg','2015-04-30 00:00:00',0,2,'饮料，茶饮，水，爆款',206,NULL,500,4208,'所有食品都是绿色食品，不含防腐剂，您吃的放心是我们的荣幸','2016-09-16 20:55:53','2016-09-16 20:55:53'),(20602,1,NULL,'李子园牛奶 450ml',4.00,'/Public/img/goods/23.jpg','http://pic29.nipic.com/20130525/5890690_184803578000_2.jpg,http://pica.nipic.com/2007-12-19/2007121911592513_2.jpg,http://pic22.nipic.com/20120720/8989765_092835333150_2.jpg','2015-04-30 00:00:00',0,2,'饮料，特色，水，牛奶',206,NULL,500,4208,'所有食品都是绿色食品，不含防腐剂，您吃的放心是我们的荣幸','2016-09-16 20:55:53','2016-09-16 20:55:53'),(20603,1,NULL,'维他命香草味豆奶饮料一包 250ml',3.50,'/Public/img/goods/10584128_131324463183_2.jpg','http://pic29.nipic.com/20130525/5890690_184803578000_2.jpg,http://pica.nipic.com/2007-12-19/2007121911592513_2.jpg,http://pic22.nipic.com/20120720/8989765_092835333150_2.jpg','2015-04-30 00:00:00',0,2,'饮料，茶饮，水，牛奶',206,NULL,500,4171,'所有食品都是绿色食品，不含防腐剂，您吃的放心是我们的荣幸','2016-09-16 20:55:53','2016-09-16 20:55:53'),(20604,1,NULL,'真果粒牛奶饮品 20ml',3.50,'/Public/img/goods/W020150327373576406347.jpg','http://pic29.nipic.com/20130525/5890690_184803578000_2.jpg,http://pica.nipic.com/2007-12-19/2007121911592513_2.jpg,http://pic22.nipic.com/20120720/8989765_092835333150_2.jpg','2015-04-30 00:00:00',0,2,'饮料，牛奶，爆款，水，特色',206,NULL,500,4208,'所有食品都是绿色食品，不含防腐剂，您吃的放心是我们的荣幸','2016-09-16 20:55:53','2016-09-16 20:55:53'),(20605,1,NULL,'真果粒牛奶 桃果味 250ml',3.50,'/Public/img/goods/23.jpg','http://pic29.nipic.com/20130525/5890690_184803578000_2.jpg,http://pica.nipic.com/2007-12-19/2007121911592513_2.jpg,http://pic22.nipic.com/20120720/8989765_092835333150_2.jpg','2015-04-30 00:00:00',0,2,'饮料，茶饮，水，牛奶',206,NULL,500,4208,'所有食品都是绿色食品，不含防腐剂，您吃的放心是我们的荣幸','2016-09-16 20:55:53','2016-09-16 20:55:53'),(20606,1,NULL,'奶特牛奶 朱古力口味 243ml',4.50,'/Public/img/goods/9280c8519530206c.jpg','http://pic29.nipic.com/20130525/5890690_184803578000_2.jpg,http://pica.nipic.com/2007-12-19/2007121911592513_2.jpg,http://pic22.nipic.com/20120720/8989765_092835333150_2.jpg','2015-04-30 00:00:00',0,2,'牛奶，饮料，水',206,NULL,500,4208,'所有食品都是绿色食品，不含防腐剂，您吃的放心是我们的荣幸','2016-09-16 20:55:53','2016-09-16 20:55:53'),(20607,1,NULL,'光明纯牛奶 250ml',3.50,'/Public/img/goods/23.jpg','http://pic29.nipic.com/20130525/5890690_184803578000_2.jpg,http://pica.nipic.com/2007-12-19/2007121911592513_2.jpg,http://pic22.nipic.com/20120720/8989765_092835333150_2.jpg','2015-04-30 00:00:00',0,2,'牛奶，饮料，特色，上新',206,3.00,500,4208,'所有食品都是绿色食品，不含防腐剂，您吃的放心是我们的荣幸','2016-09-16 20:55:53','2016-09-16 20:55:53'),(20608,1,NULL,'蒙牛纯牛奶 250ml',3.50,'/Public/img/goods/10584128_131324463183_2.jpg','http://pic29.nipic.com/20130525/5890690_184803578000_2.jpg,http://pica.nipic.com/2007-12-19/2007121911592513_2.jpg,http://pic22.nipic.com/20120720/8989765_092835333150_2.jpg','2015-04-30 00:00:00',0,2,'牛奶，饮料，爆款，水',206,3.00,500,4208,'所有食品都是绿色食品，不含防腐剂，您吃的放心是我们的荣幸','2016-09-16 20:55:53','2016-09-16 20:55:53'),(20609,1,NULL,'娃哈哈 AD钙奶 220g',2.00,'/Public/img/goods/W020150327373576406347.jpg','http://pic29.nipic.com/20130525/5890690_184803578000_2.jpg,http://pica.nipic.com/2007-12-19/2007121911592513_2.jpg,http://pic22.nipic.com/20120720/8989765_092835333150_2.jpg','2015-04-30 00:00:00',0,2,'饮料，牛奶，爆款，打折，特色',206,NULL,500,4208,'所有食品都是绿色食品，不含防腐剂，您吃的放心是我们的荣幸','2016-09-16 20:55:53','2016-09-16 20:55:53'),(20610,1,NULL,'爽歪歪 营养酸奶 200g',2.00,'/Public/img/goods/23.jpg','http://pic29.nipic.com/20130525/5890690_184803578000_2.jpg,http://pica.nipic.com/2007-12-19/2007121911592513_2.jpg,http://pic22.nipic.com/20120720/8989765_092835333150_2.jpg','2015-04-30 00:00:00',0,2,'饮料，牛奶，特色',206,NULL,500,4208,'所有食品都是绿色食品，不含防腐剂，您吃的放心是我们的荣幸','2016-09-16 20:55:53','2016-09-16 20:55:53'),(20611,1,NULL,'绿力500 芒果汁 490ml',6.00,'/Public/img/goods/9280c8519530206c.jpg','http://pic29.nipic.com/20130525/5890690_184803578000_2.jpg,http://pica.nipic.com/2007-12-19/2007121911592513_2.jpg,http://pic22.nipic.com/20120720/8989765_092835333150_2.jpg','2015-05-05 00:00:00',0,2,'饮料，果汁，特色，进口',206,NULL,500,4208,'所有食品都是绿色食品，不含防腐剂，您吃的放心是我们的荣幸','2016-09-16 20:55:53','2016-09-16 20:55:53'),(20612,1,NULL,'旺仔牛奶 245ml',5.00,'/Public/img/goods/23.jpg','http://pic29.nipic.com/20130525/5890690_184803578000_2.jpg,http://pica.nipic.com/2007-12-19/2007121911592513_2.jpg,http://pic22.nipic.com/20120720/8989765_092835333150_2.jpg','2015-04-30 00:00:00',0,2,'牛奶，特色，饮料，',206,NULL,500,4208,'所有食品都是绿色食品，不含防腐剂，您吃的放心是我们的荣幸','2016-09-16 20:55:53','2016-09-16 20:55:53'),(20613,1,NULL,'名屋木瓜牛奶 500ml',10.00,'/Public/img/goods/10584128_131324463183_2.jpg','http://pic29.nipic.com/20130525/5890690_184803578000_2.jpg,http://pica.nipic.com/2007-12-19/2007121911592513_2.jpg,http://pic22.nipic.com/20120720/8989765_092835333150_2.jpg','2015-04-30 00:00:00',0,2,'进口，牛奶，饮料，',206,NULL,500,4208,'所有食品都是绿色食品，不含防腐剂，您吃的放心是我们的荣幸','2016-09-16 20:55:53','2016-09-16 20:55:53'),(20614,1,NULL,'光明轻巧包 红枣风味酸奶',3.50,'/Public/img/goods/W020150327373576406347.jpg','http://pic29.nipic.com/20130525/5890690_184803578000_2.jpg,http://pica.nipic.com/2007-12-19/2007121911592513_2.jpg,http://pic22.nipic.com/20120720/8989765_092835333150_2.jpg','2015-05-09 00:00:00',0,2,'牛奶，进口，上新，咖饮料啡',206,NULL,500,4208,'所有食品都是绿色食品，不含防腐剂，您吃的放心是我们的荣幸','2016-09-16 20:55:53','2016-09-16 20:55:53'),(20616,1,NULL,'光明轻巧包 芦荟风味酸奶',3.50,'/Public/img/goods/9280c8519530206c.jpg','http://pic29.nipic.com/20130525/5890690_184803578000_2.jpg,http://pica.nipic.com/2007-12-19/2007121911592513_2.jpg,http://pic22.nipic.com/20120720/8989765_092835333150_2.jpg','2015-05-09 00:00:00',0,2,'饮料，果汁，牛奶，特色',206,NULL,500,4208,'所有食品都是绿色食品，不含防腐剂，您吃的放心是我们的荣幸','2016-09-16 20:55:53','2016-09-16 20:55:53'),(20617,1,NULL,'光明轻巧包 鲜牛奶',3.50,'/Public/img/goods/23.jpg','http://pic29.nipic.com/20130525/5890690_184803578000_2.jpg,http://pica.nipic.com/2007-12-19/2007121911592513_2.jpg,http://pic22.nipic.com/20120720/8989765_092835333150_2.jpg','2015-05-09 00:00:00',0,2,'牛奶，进口，上新，咖饮料啡',206,NULL,500,4204,'所有食品都是绿色食品，不含防腐剂，您吃的放心是我们的荣幸','2016-09-16 20:55:53','2016-09-16 20:55:53'),(20618,1,NULL,'光明一只椰子',6.50,'/Public/img/goods/10584128_131324463183_2.jpg','http://pic29.nipic.com/20130525/5890690_184803578000_2.jpg,http://pica.nipic.com/2007-12-19/2007121911592513_2.jpg,http://pic22.nipic.com/20120720/8989765_092835333150_2.jpg','2015-05-09 00:00:00',0,2,'牛奶，进口，上新，咖饮料啡',206,NULL,500,4202,'所有食品都是绿色食品，不含防腐剂，您吃的放心是我们的荣幸','2016-09-16 20:55:53','2016-09-16 20:55:53'),(20701,1,NULL,'cass fresh beer 355ml（进口）',9.00,'/Public/img/goods/9280c8519530206c.jpg','http://pic29.nipic.com/20130525/5890690_184803578000_2.jpg,http://pica.nipic.com/2007-12-19/2007121911592513_2.jpg,http://pic22.nipic.com/20120720/8989765_092835333150_2.jpg','2015-05-07 00:00:00',0,2,'进口，咖啡饮料，特色',207,NULL,500,4206,'所有食品都是绿色食品，不含防腐剂，您吃的放心是我们的荣幸','2016-09-16 20:55:53','2016-09-16 20:55:53'),(20702,1,NULL,'德国黑啤 凯撒进口啤酒',12.50,'/Public/img/goods/23.jpg','http://pic29.nipic.com/20130525/5890690_184803578000_2.jpg,http://pica.nipic.com/2007-12-19/2007121911592513_2.jpg,http://pic22.nipic.com/20120720/8989765_092835333150_2.jpg','2015-05-07 00:00:00',0,2,'进口，咖啡饮料，特色',207,NULL,500,4198,'所有食品都是绿色食品，不含防腐剂，您吃的放心是我们的荣幸','2016-09-16 20:55:53','2016-09-16 20:55:53'),(20703,1,NULL,'雪花啤酒 330ml',3.00,'/Public/img/goods/10584128_131324463183_2.jpg','http://pic29.nipic.com/20130525/5890690_184803578000_2.jpg,http://pica.nipic.com/2007-12-19/2007121911592513_2.jpg,http://pic22.nipic.com/20120720/8989765_092835333150_2.jpg','2015-05-07 00:00:00',0,2,'咖啡饮料，啤酒',207,NULL,500,4208,'所有食品都是绿色食品，不含防腐剂，您吃的放心是我们的荣幸','2016-09-16 20:55:53','2016-09-16 20:55:53'),(20704,1,NULL,'RIO 鸡尾酒 橙味伏加特 275ml',13.00,'/Public/img/goods/W020150327373576406347.jpg','http://pic29.nipic.com/20130525/5890690_184803578000_2.jpg,http://pica.nipic.com/2007-12-19/2007121911592513_2.jpg,http://pic22.nipic.com/20120720/8989765_092835333150_2.jpg','2015-05-07 00:00:00',0,2,'咖啡饮料，啤酒，特色',207,NULL,500,4208,'所有食品都是绿色食品，不含防腐剂，您吃的放心是我们的荣幸','2016-09-16 20:55:53','2016-09-16 20:55:53'),(40101,1,NULL,'好丽友呀！土豆 香焗原味70克',6.00,'/Public/img/goods/9280c8519530206c.jpg','http://pic29.nipic.com/20130525/5890690_184803578000_2.jpg,http://pica.nipic.com/2007-12-19/2007121911592513_2.jpg,http://pic22.nipic.com/20120720/8989765_092835333150_2.jpg','2015-05-07 00:00:00',0,2,'饼干，糕点，薯片，膨化',402,NULL,500,4208,'所有食品都是绿色食品，不含防腐剂，您吃的放心是我们的荣幸','2016-09-16 20:55:53','2016-09-16 20:55:53'),(40102,1,NULL,'盼盼麦香鸡块 105克',4.00,'/Public/img/goods/23.jpg','http://pic29.nipic.com/20130525/5890690_184803578000_2.jpg,http://pica.nipic.com/2007-12-19/2007121911592513_2.jpg,http://pic22.nipic.com/20120720/8989765_092835333150_2.jpg','2015-05-07 00:00:00',0,2,'饼干，糕点，薯片，膨化',402,NULL,500,4208,'所有食品都是绿色食品，不含防腐剂，您吃的放心是我们的荣幸','2016-09-16 20:55:53','2016-09-16 20:55:53'),(40103,1,NULL,'董小姐 意式红烩味',2.50,'/Public/img/goods/10584128_131324463183_2.jpg','http://pic29.nipic.com/20130525/5890690_184803578000_2.jpg,http://pica.nipic.com/2007-12-19/2007121911592513_2.jpg,http://pic22.nipic.com/20120720/8989765_092835333150_2.jpg','2015-05-07 00:00:00',0,2,'饼干糕点，薯片，膨化，烘焙',402,NULL,500,4208,'所有食品都是绿色食品，不含防腐剂，您吃的放心是我们的荣幸','2016-09-16 20:55:53','2016-09-16 20:55:53'),(40104,1,NULL,'董小姐 清新番茄味',2.50,'/Public/img/goods/W020150327373576406347.jpg','http://pic29.nipic.com/20130525/5890690_184803578000_2.jpg,http://pica.nipic.com/2007-12-19/2007121911592513_2.jpg,http://pic22.nipic.com/20120720/8989765_092835333150_2.jpg','2015-05-07 00:00:00',0,2,'饼干糕点，薯片，膨化，烘焙',402,NULL,500,4208,'所有食品都是绿色食品，不含防腐剂，您吃的放心是我们的荣幸','2016-09-16 20:55:53','2016-09-16 20:55:53'),(40105,1,NULL,'董小姐 加勒比风情味',2.50,'/Public/img/goods/23.jpg','http://pic29.nipic.com/20130525/5890690_184803578000_2.jpg,http://pica.nipic.com/2007-12-19/2007121911592513_2.jpg,http://pic22.nipic.com/20120720/8989765_092835333150_2.jpg','2015-05-07 00:00:00',0,2,'饼干糕点，薯片，膨化，烘焙，爆款',402,NULL,500,4208,'所有食品都是绿色食品，不含防腐剂，您吃的放心是我们的荣幸','2016-09-16 20:55:53','2016-09-16 20:55:53'),(40106,1,NULL,'董小姐 浓情烤肉味',2.50,'/Public/img/goods/9280c8519530206c.jpg','http://pic29.nipic.com/20130525/5890690_184803578000_2.jpg,http://pica.nipic.com/2007-12-19/2007121911592513_2.jpg,http://pic22.nipic.com/20120720/8989765_092835333150_2.jpg','2015-05-07 00:00:00',0,2,'饼干糕点，薯片，膨化，烘焙',402,NULL,500,4208,'所有食品都是绿色食品，不含防腐剂，您吃的放心是我们的荣幸','2016-09-16 20:55:53','2016-09-16 20:55:53'),(40107,1,NULL,'麦维尔 拉面丸子（串烧味）一包',2.00,'/Public/img/goods/23.jpg','http://pic29.nipic.com/20130525/5890690_184803578000_2.jpg,http://pica.nipic.com/2007-12-19/2007121911592513_2.jpg,http://pic22.nipic.com/20120720/8989765_092835333150_2.jpg','2015-05-07 00:00:00',0,2,'饼干糕点，薯片，膨化，烘焙',402,NULL,500,4208,'所有食品都是绿色食品，不含防腐剂，您吃的放心是我们的荣幸','2016-09-16 20:55:53','2016-09-16 20:55:53'),(40108,1,NULL,'麦维尔 拉面丸子（黑胡椒牛肉味）',2.00,'/Public/img/goods/10584128_131324463183_2.jpg','http://pic29.nipic.com/20130525/5890690_184803578000_2.jpg,http://pica.nipic.com/2007-12-19/2007121911592513_2.jpg,http://pic22.nipic.com/20120720/8989765_092835333150_2.jpg','2015-05-07 00:00:00',0,2,'饼干糕点，薯片，膨化，烘焙',402,NULL,500,4208,'所有食品都是绿色食品，不含防腐剂，您吃的放心是我们的荣幸','2016-09-16 20:55:53','2016-09-16 20:55:53'),(40109,1,NULL,'麦维尔 拉面丸子（鸡汁味）',2.00,'/Public/img/goods/W020150327373576406347.jpg','http://pic29.nipic.com/20130525/5890690_184803578000_2.jpg,http://pica.nipic.com/2007-12-19/2007121911592513_2.jpg,http://pic22.nipic.com/20120720/8989765_092835333150_2.jpg','2015-05-07 00:00:00',0,2,'饼干糕点，薯片，膨化，烘焙',402,NULL,500,4208,'所有食品都是绿色食品，不含防腐剂，您吃的放心是我们的荣幸','2016-09-16 20:55:53','2016-09-16 20:55:53'),(40110,1,NULL,'麦小脆 拉面丸子（黑椒牛排味）',2.50,'/Public/img/goods/23.jpg','http://pic29.nipic.com/20130525/5890690_184803578000_2.jpg,http://pica.nipic.com/2007-12-19/2007121911592513_2.jpg,http://pic22.nipic.com/20120720/8989765_092835333150_2.jpg','2015-05-07 00:00:00',0,2,'饼干糕点，薯片，膨化，烘焙',402,NULL,500,4208,'所有食品都是绿色食品，不含防腐剂，您吃的放心是我们的荣幸','2016-09-16 20:55:53','2016-09-16 20:55:53'),(40111,1,NULL,'好丽友 呀！土豆 香焗原味40克',3.00,'/Public/img/goods/9280c8519530206c.jpg','http://pic29.nipic.com/20130525/5890690_184803578000_2.jpg,http://pica.nipic.com/2007-12-19/2007121911592513_2.jpg,http://pic22.nipic.com/20120720/8989765_092835333150_2.jpg','2015-05-07 00:00:00',0,2,'饼干糕点，薯片，膨化，烘焙',402,NULL,500,4208,'所有食品都是绿色食品，不含防腐剂，您吃的放心是我们的荣幸','2016-09-16 20:55:53','2016-09-16 20:55:53'),(40112,1,NULL,'盼盼香辣鸡块 105克',4.00,'/Public/img/goods/23.jpg','http://pic29.nipic.com/20130525/5890690_184803578000_2.jpg,http://pica.nipic.com/2007-12-19/2007121911592513_2.jpg,http://pic22.nipic.com/20120720/8989765_092835333150_2.jpg','2015-05-07 00:00:00',0,2,'饼干糕点，薯片，膨化，烘焙',402,NULL,500,4208,'所有食品都是绿色食品，不含防腐剂，您吃的放心是我们的荣幸','2016-09-16 20:55:53','2016-09-16 20:55:53'),(40113,1,NULL,'好丽友 呀！土豆 番茄酱味40克',3.00,'/Public/img/goods/10584128_131324463183_2.jpg','http://pic29.nipic.com/20130525/5890690_184803578000_2.jpg,http://pica.nipic.com/2007-12-19/2007121911592513_2.jpg,http://pic22.nipic.com/20120720/8989765_092835333150_2.jpg','2015-05-07 00:00:00',0,2,'饼干糕点，薯片，膨化，烘焙',402,NULL,500,4208,'所有食品都是绿色食品，不含防腐剂，您吃的放心是我们的荣幸','2016-09-16 20:55:53','2016-09-16 20:55:53'),(40114,1,NULL,'好丽友 呀！土豆 滋香烤鸡味 40克',3.00,'/Public/img/goods/W020150327373576406347.jpg','http://pic29.nipic.com/20130525/5890690_184803578000_2.jpg,http://pica.nipic.com/2007-12-19/2007121911592513_2.jpg,http://pic22.nipic.com/20120720/8989765_092835333150_2.jpg','2015-05-07 00:00:00',0,2,'饼干糕点，薯片，膨化，烘焙',402,NULL,500,4208,'所有食品都是绿色食品，不含防腐剂，您吃的放心是我们的荣幸','2016-09-16 20:55:53','2016-09-16 20:55:53'),(40203,1,NULL,'乐事 美国经典原味 马铃薯片40g',3.00,'/Public/img/goods/10584128_131324463183_2.jpg','http://pic29.nipic.com/20130525/5890690_184803578000_2.jpg,http://pica.nipic.com/2007-12-19/2007121911592513_2.jpg,http://pic22.nipic.com/20120720/8989765_092835333150_2.jpg','2015-04-19 00:00:00',0,2,'饼干糕点，薯片，膨化，烘焙',402,NULL,500,4208,'所有食品都是绿色食品，不含防腐剂，您吃的放心是我们的荣幸','2016-09-16 20:55:53','2016-09-16 20:55:53'),(40204,1,NULL,'乐事 得克萨斯烧烤味 马铃薯片40g',3.00,'/Public/img/goods/W020150327373576406347.jpg','http://pic29.nipic.com/20130525/5890690_184803578000_2.jpg,http://pica.nipic.com/2007-12-19/2007121911592513_2.jpg,http://pic22.nipic.com/20120720/8989765_092835333150_2.jpg','2015-04-19 00:00:00',0,2,'饼干糕点，薯片，膨化，烘焙',402,NULL,500,4208,'所有食品都是绿色食品，不含防腐剂，您吃的放心是我们的荣幸','2016-09-16 20:55:53','2016-09-16 20:55:53'),(40205,1,NULL,'乐事 意大利香浓红烩味 马铃薯片40g',3.50,'/Public/img/goods/23.jpg','http://pic29.nipic.com/20130525/5890690_184803578000_2.jpg,http://pica.nipic.com/2007-12-19/2007121911592513_2.jpg,http://pic22.nipic.com/20120720/8989765_092835333150_2.jpg','2015-05-05 00:00:00',0,2,'饼干糕点，薯片，膨化，烘焙',402,NULL,500,4208,'所有食品都是绿色食品，不含防腐剂，您吃的放心是我们的荣幸','2016-09-16 20:55:53','2016-09-16 20:55:53'),(40206,1,NULL,'乐事 清新黄瓜味 马铃薯片40g',3.00,'/Public/img/goods/9280c8519530206c.jpg','http://pic29.nipic.com/20130525/5890690_184803578000_2.jpg,http://pica.nipic.com/2007-12-19/2007121911592513_2.jpg,http://pic22.nipic.com/20120720/8989765_092835333150_2.jpg','2015-04-19 00:00:00',0,2,'饼干糕点，薯片，膨化，烘焙',402,NULL,500,4208,'所有食品都是绿色食品，不含防腐剂，您吃的放心是我们的荣幸','2016-09-16 20:55:53','2016-09-16 20:55:53'),(40207,1,NULL,'乐事 墨西哥鸡汁番茄味 马铃薯片75g',6.60,'/Public/img/goods/23.jpg','http://pic29.nipic.com/20130525/5890690_184803578000_2.jpg,http://pica.nipic.com/2007-12-19/2007121911592513_2.jpg,http://pic22.nipic.com/20120720/8989765_092835333150_2.jpg','2015-04-26 00:00:00',0,2,'饼干糕点，薯片，膨化，烘焙，爆款',402,NULL,500,4208,'所有食品都是绿色食品，不含防腐剂，您吃的放心是我们的荣幸','2016-09-16 20:55:53','2016-09-16 20:55:53'),(40208,1,NULL,'乐事 美国经典原味 马铃薯片 75g',6.60,'/Public/img/goods/10584128_131324463183_2.jpg','http://pic29.nipic.com/20130525/5890690_184803578000_2.jpg,http://pica.nipic.com/2007-12-19/2007121911592513_2.jpg,http://pic22.nipic.com/20120720/8989765_092835333150_2.jpg','2015-04-19 00:00:00',0,2,'饼干糕点，薯片，膨化，烘焙',402,NULL,500,4208,'所有食品都是绿色食品，不含防腐剂，您吃的放心是我们的荣幸','2016-09-16 20:55:53','2016-09-16 20:55:53'),(40209,1,NULL,'乐事 意大利香浓红烩味 马铃薯片75g',6.60,'/Public/img/goods/W020150327373576406347.jpg','http://pic29.nipic.com/20130525/5890690_184803578000_2.jpg,http://pica.nipic.com/2007-12-19/2007121911592513_2.jpg,http://pic22.nipic.com/20120720/8989765_092835333150_2.jpg','2015-04-19 00:00:00',0,2,'饼干糕点，薯片，膨化，烘焙',402,NULL,500,4208,'所有食品都是绿色食品，不含防腐剂，您吃的放心是我们的荣幸','2016-09-16 20:55:53','2016-09-16 20:55:53'),(40210,1,NULL,'乐事 得克萨斯烧烤味 马铃薯片75g',6.60,'/Public/img/goods/23.jpg','http://pic29.nipic.com/20130525/5890690_184803578000_2.jpg,http://pica.nipic.com/2007-12-19/2007121911592513_2.jpg,http://pic22.nipic.com/20120720/8989765_092835333150_2.jpg','2015-04-19 00:00:00',0,2,'饼干糕点，薯片，膨化，烘焙',402,NULL,500,4208,'所有食品都是绿色食品，不含防腐剂，您吃的放心是我们的荣幸','2016-09-16 20:55:53','2016-09-16 20:55:53'),(40301,1,NULL,'港荣 奶香蛋糕（鸡蛋原味）产品有更新，随机发货的',1.00,'/Public/img/goods/9280c8519530206c.jpg','http://pic29.nipic.com/20130525/5890690_184803578000_2.jpg,http://pica.nipic.com/2007-12-19/2007121911592513_2.jpg,http://pic22.nipic.com/20120720/8989765_092835333150_2.jpg','2015-04-21 00:00:00',0,2,'饼干糕点，薯片，膨化，烘焙',403,NULL,500,4208,'所有食品都是绿色食品，不含防腐剂，您吃的放心是我们的荣幸','2016-09-16 20:55:53','2016-09-16 20:55:53'),(40302,1,NULL,'三辉麦风 韩式蛋糕 产品有更新，随机发货的',2.00,'/Public/img/goods/23.jpg','http://pic29.nipic.com/20130525/5890690_184803578000_2.jpg,http://pica.nipic.com/2007-12-19/2007121911592513_2.jpg,http://pic22.nipic.com/20120720/8989765_092835333150_2.jpg','2015-04-30 00:00:00',0,2,'饼干糕点，薯片，膨化，烘焙',403,NULL,500,4208,'所有食品都是绿色食品，不含防腐剂，您吃的放心是我们的荣幸','2016-09-16 20:55:53','2016-09-16 20:55:53'),(40303,1,NULL,'佰蜂 果町屋 芒果达人 280g',7.50,'/Public/img/goods/10584128_131324463183_2.jpg','http://pic29.nipic.com/20130525/5890690_184803578000_2.jpg,http://pica.nipic.com/2007-12-19/2007121911592513_2.jpg,http://pic22.nipic.com/20120720/8989765_092835333150_2.jpg','2015-04-30 00:00:00',0,2,'饼干糕点，薯片，膨化，烘焙',403,NULL,500,4208,'所有食品都是绿色食品，不含防腐剂，您吃的放心是我们的荣幸','2016-09-16 20:55:53','2016-09-16 20:55:53'),(40304,1,NULL,'雪恋 纯薯巧合棒 30g 产品若有更新，随机发货哦',1.50,'/Public/img/goods/W020150327373576406347.jpg','http://pic29.nipic.com/20130525/5890690_184803578000_2.jpg,http://pica.nipic.com/2007-12-19/2007121911592513_2.jpg,http://pic22.nipic.com/20120720/8989765_092835333150_2.jpg','2015-04-21 00:00:00',0,2,'饼干糕点，薯片，膨化，烘焙',403,NULL,500,4208,'所有食品都是绿色食品，不含防腐剂，您吃的放心是我们的荣幸','2016-09-16 20:55:53','2016-09-16 20:55:53'),(40305,1,NULL,'疯酥酥 一品蛋酥（原味）',1.20,'/Public/img/goods/23.jpg','http://pic29.nipic.com/20130525/5890690_184803578000_2.jpg,http://pica.nipic.com/2007-12-19/2007121911592513_2.jpg,http://pic22.nipic.com/20120720/8989765_092835333150_2.jpg','2015-04-21 00:00:00',0,2,'饼干糕点，薯片，膨化，烘焙',403,NULL,500,4208,'所有食品都是绿色食品，不含防腐剂，您吃的放心是我们的荣幸','2016-09-16 20:55:53','2016-09-16 20:55:53'),(40306,1,NULL,'麦维尔 口袋饼（牛奶味）',1.00,'/Public/img/goods/9280c8519530206c.jpg','http://pic29.nipic.com/20130525/5890690_184803578000_2.jpg,http://pica.nipic.com/2007-12-19/2007121911592513_2.jpg,http://pic22.nipic.com/20120720/8989765_092835333150_2.jpg','2015-04-21 00:00:00',0,2,'饼干糕点，薯片，膨化，烘焙',403,NULL,500,4208,'所有食品都是绿色食品，不含防腐剂，您吃的放心是我们的荣幸','2016-09-16 20:55:53','2016-09-16 20:55:53'),(40307,1,NULL,'麦维尔 口袋饼（焦糖咖啡味）',1.00,'/Public/img/goods/23.jpg','http://pic29.nipic.com/20130525/5890690_184803578000_2.jpg,http://pica.nipic.com/2007-12-19/2007121911592513_2.jpg,http://pic22.nipic.com/20120720/8989765_092835333150_2.jpg','2015-04-26 00:00:00',0,2,'饼干糕点',403,NULL,500,4208,'所有食品都是绿色食品，不含防腐剂，您吃的放心是我们的荣幸','2016-09-16 20:55:53','2016-09-16 20:55:53'),(40308,1,NULL,'麦维尔 牛舌饼（牛奶味）',1.00,'/Public/img/goods/10584128_131324463183_2.jpg','http://pic29.nipic.com/20130525/5890690_184803578000_2.jpg,http://pica.nipic.com/2007-12-19/2007121911592513_2.jpg,http://pic22.nipic.com/20120720/8989765_092835333150_2.jpg','2015-04-21 00:00:00',0,2,'饼干糕点，薯片，膨化，烘焙',403,NULL,500,4207,'所有食品都是绿色食品，不含防腐剂，您吃的放心是我们的荣幸','2016-09-16 20:55:53','2016-09-16 20:55:53'),(40309,1,NULL,'日月潭 鸡蛋果酪18g 产品有更新，随机发货哦',2.00,'/Public/img/goods/W020150327373576406347.jpg','http://pic29.nipic.com/20130525/5890690_184803578000_2.jpg,http://pica.nipic.com/2007-12-19/2007121911592513_2.jpg,http://pic22.nipic.com/20120720/8989765_092835333150_2.jpg','2015-04-21 00:00:00',0,2,'饼干糕点，薯片，膨化，烘焙',403,NULL,500,4208,'所有食品都是绿色食品，不含防腐剂，您吃的放心是我们的荣幸','2016-09-16 20:55:53','2016-09-16 20:55:53'),(40310,1,NULL,'泡吧 三明治蛋糕',2.00,'/Public/img/goods/23.jpg','http://pic29.nipic.com/20130525/5890690_184803578000_2.jpg,http://pica.nipic.com/2007-12-19/2007121911592513_2.jpg,http://pic22.nipic.com/20120720/8989765_092835333150_2.jpg','2015-04-30 00:00:00',0,2,'饼干糕点，薯片，膨化，烘焙',403,NULL,500,4208,'所有食品都是绿色食品，不含防腐剂，您吃的放心是我们的荣幸','2016-09-16 20:55:53','2016-09-16 20:55:53'),(40311,1,NULL,'泡吧 提子蛋糕',2.00,'/Public/img/goods/9280c8519530206c.jpg','http://pic29.nipic.com/20130525/5890690_184803578000_2.jpg,http://pica.nipic.com/2007-12-19/2007121911592513_2.jpg,http://pic22.nipic.com/20120720/8989765_092835333150_2.jpg','2015-04-30 00:00:00',0,2,'饼干糕点，薯片，膨化，烘焙',403,NULL,500,4208,'所有食品都是绿色食品，不含防腐剂，您吃的放心是我们的荣幸','2016-09-16 20:55:53','2016-09-16 20:55:53'),(40312,1,NULL,'绿豆冰糕（原味）产品有更新随机发货哦',2.00,'/Public/img/goods/23.jpg','http://pic29.nipic.com/20130525/5890690_184803578000_2.jpg,http://pica.nipic.com/2007-12-19/2007121911592513_2.jpg,http://pic22.nipic.com/20120720/8989765_092835333150_2.jpg','2015-04-21 00:00:00',0,2,'饼干糕点，薯片，膨化，烘焙',403,NULL,500,4208,'所有食品都是绿色食品，不含防腐剂，您吃的放心是我们的荣幸','2016-09-16 20:55:53','2016-09-16 20:55:53'),(40313,1,NULL,'麦吉士 原味切片蛋糕',2.00,'/Public/img/goods/10584128_131324463183_2.jpg','http://pic29.nipic.com/20130525/5890690_184803578000_2.jpg,http://pica.nipic.com/2007-12-19/2007121911592513_2.jpg,http://pic22.nipic.com/20120720/8989765_092835333150_2.jpg','2015-04-21 00:00:00',0,2,'饼干糕点，薯片，膨化，烘焙',403,NULL,500,4208,'所有食品都是绿色食品，不含防腐剂，您吃的放心是我们的荣幸','2016-09-16 20:55:53','2016-09-16 20:55:53'),(40314,1,NULL,'麦吉士 芝麻小酥',1.00,'/Public/img/goods/W020150327373576406347.jpg','http://pic29.nipic.com/20130525/5890690_184803578000_2.jpg,http://pica.nipic.com/2007-12-19/2007121911592513_2.jpg,http://pic22.nipic.com/20120720/8989765_092835333150_2.jpg','2015-04-21 00:00:00',0,2,'饼干糕点，薯片，膨化，烘焙',403,NULL,500,4208,'所有食品都是绿色食品，不含防腐剂，您吃的放心是我们的荣幸','2016-09-16 20:55:53','2016-09-16 20:55:53'),(40317,1,NULL,'小林煎饼 115g/9小包',12.50,'/Public/img/goods/23.jpg','http://pic29.nipic.com/20130525/5890690_184803578000_2.jpg,http://pica.nipic.com/2007-12-19/2007121911592513_2.jpg,http://pic22.nipic.com/20120720/8989765_092835333150_2.jpg','2015-05-07 00:00:00',0,2,'饼干糕点，薯片，膨化，烘焙，特色',403,NULL,500,4208,'所有食品都是绿色食品，不含防腐剂，您吃的放心是我们的荣幸','2016-09-16 20:55:53','2016-09-16 20:55:53'),(40318,1,NULL,'蔓越莓味曲奇饼干 200g',14.00,'/Public/img/goods/10584128_131324463183_2.jpg','http://pic29.nipic.com/20130525/5890690_184803578000_2.jpg,http://pica.nipic.com/2007-12-19/2007121911592513_2.jpg,http://pic22.nipic.com/20120720/8989765_092835333150_2.jpg','2015-05-07 00:00:00',0,2,'饼干糕点，薯片，膨化，烘焙，爆款',403,NULL,500,4208,'所有食品都是绿色食品，不含防腐剂，您吃的放心是我们的荣幸','2016-09-16 20:55:53','2016-09-16 20:55:53'),(40319,1,NULL,'巴拿米 蔓越莓西饼 170g',16.00,'/Public/img/goods/W020150327373576406347.jpg','http://pic29.nipic.com/20130525/5890690_184803578000_2.jpg,http://pica.nipic.com/2007-12-19/2007121911592513_2.jpg,http://pic22.nipic.com/20120720/8989765_092835333150_2.jpg','2015-05-07 00:00:00',0,2,'饼干糕点，薯片，膨化，烘焙，特色',403,NULL,500,4208,'所有食品都是绿色食品，不含防腐剂，您吃的放心是我们的荣幸','2016-09-16 20:55:53','2016-09-16 20:55:53'),(40321,1,NULL,'布诺牌 原味口袋饼干 170g',17.00,'/Public/img/goods/9280c8519530206c.jpg','http://pic29.nipic.com/20130525/5890690_184803578000_2.jpg,http://pica.nipic.com/2007-12-19/2007121911592513_2.jpg,http://pic22.nipic.com/20120720/8989765_092835333150_2.jpg','2015-05-07 00:00:00',0,2,'饼干糕点，薯片，膨化，烘焙，爆款',403,NULL,500,4208,'所有食品都是绿色食品，不含防腐剂，您吃的放心是我们的荣幸','2016-09-16 20:55:53','2016-09-16 20:55:53'),(40322,1,NULL,'布诺牌 奶酪口袋饼干 170g',17.00,'/Public/img/goods/23.jpg','http://pic29.nipic.com/20130525/5890690_184803578000_2.jpg,http://pica.nipic.com/2007-12-19/2007121911592513_2.jpg,http://pic22.nipic.com/20120720/8989765_092835333150_2.jpg','2015-05-07 00:00:00',0,2,'饼干糕点，薯片，膨化，烘焙，特色',403,NULL,500,4208,'所有食品都是绿色食品，不含防腐剂，您吃的放心是我们的荣幸','2016-09-16 20:55:53','2016-09-16 20:55:53'),(40401,1,NULL,'好丽友 Q蒂多层蛋糕 2枚',5.00,'/Public/img/goods/9280c8519530206c.jpg','http://pic29.nipic.com/20130525/5890690_184803578000_2.jpg,http://pica.nipic.com/2007-12-19/2007121911592513_2.jpg,http://pic22.nipic.com/20120720/8989765_092835333150_2.jpg','2015-05-07 00:00:00',0,2,'饼干糕点，薯片，膨化，烘焙',403,NULL,500,4208,'所有食品都是绿色食品，不含防腐剂，您吃的放心是我们的荣幸','2016-09-16 20:55:53','2016-09-16 20:55:53'),(40402,1,NULL,'上海真老大房 榴莲饼 产品有更新，随机发货哦',2.50,'/Public/img/goods/23.jpg','http://pic29.nipic.com/20130525/5890690_184803578000_2.jpg,http://pica.nipic.com/2007-12-19/2007121911592513_2.jpg,http://pic22.nipic.com/20120720/8989765_092835333150_2.jpg','2015-04-30 00:00:00',0,2,'饼干糕点，薯片，膨化，烘焙',404,NULL,500,4208,'所有食品都是绿色食品，不含防腐剂，您吃的放心是我们的荣幸','2016-09-16 20:55:53','2016-09-16 20:55:53'),(40403,1,NULL,'卡尔顿 玛芬窝 蜂巢蛋糕',2.10,'/Public/img/goods/10584128_131324463183_2.jpg','http://pic29.nipic.com/20130525/5890690_184803578000_2.jpg,http://pica.nipic.com/2007-12-19/2007121911592513_2.jpg,http://pic22.nipic.com/20120720/8989765_092835333150_2.jpg','2015-05-07 00:00:00',0,2,'饼干糕点，薯片，膨化，烘焙',403,NULL,500,4208,'所有食品都是绿色食品，不含防腐剂，您吃的放心是我们的荣幸','2016-09-16 20:55:53','2016-09-16 20:55:53'),(40404,1,NULL,'吉娃娃 巧克力棒（蔓越莓味）',1.80,'/Public/img/goods/W020150327373576406347.jpg','http://pic29.nipic.com/20130525/5890690_184803578000_2.jpg,http://pica.nipic.com/2007-12-19/2007121911592513_2.jpg,http://pic22.nipic.com/20120720/8989765_092835333150_2.jpg','2015-04-30 00:00:00',0,2,'饼干糕点，薯片，膨化，烘焙',404,NULL,500,4208,'所有食品都是绿色食品，不含防腐剂，您吃的放心是我们的荣幸','2016-09-16 20:55:53','2016-09-16 20:55:53'),(40405,1,NULL,'旺旺 开心馒头仔',1.00,'/Public/img/goods/23.jpg','http://pic29.nipic.com/20130525/5890690_184803578000_2.jpg,http://pica.nipic.com/2007-12-19/2007121911592513_2.jpg,http://pic22.nipic.com/20120720/8989765_092835333150_2.jpg','2015-04-21 00:00:00',0,2,'饼干糕点，薯片，膨化，烘焙',404,NULL,500,4208,'所有食品都是绿色食品，不含防腐剂，您吃的放心是我们的荣幸','2016-09-16 20:55:53','2016-09-16 20:55:53'),(40406,1,NULL,'长鼻王 膨化夹心卷（蛋黄味）',0.70,'/Public/img/goods/9280c8519530206c.jpg','http://pic29.nipic.com/20130525/5890690_184803578000_2.jpg,http://pica.nipic.com/2007-12-19/2007121911592513_2.jpg,http://pic22.nipic.com/20120720/8989765_092835333150_2.jpg','2015-04-30 00:00:00',0,2,'饼干糕点，薯片，膨化，烘焙',404,NULL,500,4208,'所有食品都是绿色食品，不含防腐剂，您吃的放心是我们的荣幸','2016-09-16 20:55:53','2016-09-16 20:55:53'),(90101,1,NULL,'甜玉米 香肠 45g',1.50,'/Public/img/goods/9280c8519530206c.jpg','http://pic29.nipic.com/20130525/5890690_184803578000_2.jpg,http://pica.nipic.com/2007-12-19/2007121911592513_2.jpg,http://pic22.nipic.com/20120720/8989765_092835333150_2.jpg','2015-04-26 00:00:00',0,2,'火腿肠，烤肠，肠，速食，肉干肉脯，爆款，上新',901,NULL,500,4208,'所有食品都是绿色食品，不含防腐剂，您吃的放心是我们的荣幸','2016-09-16 20:55:53','2016-09-16 20:55:53'),(90102,1,NULL,'双汇王中王 火腿 35g',1.50,'/Public/img/goods/23.jpg','http://pic29.nipic.com/20130525/5890690_184803578000_2.jpg,http://pica.nipic.com/2007-12-19/2007121911592513_2.jpg,http://pic22.nipic.com/20120720/8989765_092835333150_2.jpg','2015-04-26 00:00:00',0,2,'特色，上新，火腿，肉脯，',901,NULL,500,4208,'所有食品都是绿色食品，不含防腐剂，您吃的放心是我们的荣幸','2016-09-16 20:55:53','2016-09-16 20:55:53'),(90103,1,NULL,'润口香甜王 香肠 48g',1.50,'/Public/img/goods/10584128_131324463183_2.jpg','http://pic29.nipic.com/20130525/5890690_184803578000_2.jpg,http://pica.nipic.com/2007-12-19/2007121911592513_2.jpg,http://pic22.nipic.com/20120720/8989765_092835333150_2.jpg','2015-04-26 00:00:00',0,2,'火腿肠，烤肠，肠，速食，肉干肉脯，爆款，上新',901,NULL,500,4208,'所有食品都是绿色食品，不含防腐剂，您吃的放心是我们的荣幸','2016-09-16 20:55:53','2016-09-16 20:55:53'),(90104,1,NULL,'泡面拍档 香肠 90g',2.00,'/Public/img/goods/W020150327373576406347.jpg','http://pic29.nipic.com/20130525/5890690_184803578000_2.jpg,http://pica.nipic.com/2007-12-19/2007121911592513_2.jpg,http://pic22.nipic.com/20120720/8989765_092835333150_2.jpg','2015-04-30 00:00:00',0,2,'特色，上新，火腿，肉脯，',901,NULL,500,4208,'所有食品都是绿色食品，不含防腐剂，您吃的放心是我们的荣幸','2016-09-16 20:55:53','2016-09-16 20:55:53'),(90105,1,NULL,'弹脆 香肠 70g',1.50,'/Public/img/goods/23.jpg','http://pic29.nipic.com/20130525/5890690_184803578000_2.jpg,http://pica.nipic.com/2007-12-19/2007121911592513_2.jpg,http://pic22.nipic.com/20120720/8989765_092835333150_2.jpg','2015-04-26 00:00:00',0,2,'爆款，特色，火腿，肉脯',901,NULL,500,4208,'所有食品都是绿色食品，不含防腐剂，您吃的放心是我们的荣幸','2016-09-16 20:55:53','2016-09-16 20:55:53'),(90106,1,NULL,'康师傅香辣牛肉面袋装',1.00,'/Public/img/goods/9280c8519530206c.jpg','http://pic29.nipic.com/20130525/5890690_184803578000_2.jpg,http://pica.nipic.com/2007-12-19/2007121911592513_2.jpg,http://pic22.nipic.com/20120720/8989765_092835333150_2.jpg','2015-04-26 00:00:00',0,2,'火腿，肉脯，泡面',901,NULL,500,4208,'所有食品都是绿色食品，不含防腐剂，您吃的放心是我们的荣幸','2016-09-16 20:55:53','2016-09-16 20:55:53'),(90107,1,NULL,'吾必香 爆蜡 鸭脖 20g',1.00,'/Public/img/goods/23.jpg','http://pic29.nipic.com/20130525/5890690_184803578000_2.jpg,http://pica.nipic.com/2007-12-19/2007121911592513_2.jpg,http://pic22.nipic.com/20120720/8989765_092835333150_2.jpg','2015-04-26 00:00:00',0,2,'',901,NULL,500,4208,'所有食品都是绿色食品，不含防腐剂，您吃的放心是我们的荣幸','2016-09-16 20:55:53','2016-09-16 20:55:53'),(90108,1,NULL,'乡巴佬 卤蛋30g',1.00,'/Public/img/goods/10584128_131324463183_2.jpg','http://pic29.nipic.com/20130525/5890690_184803578000_2.jpg,http://pica.nipic.com/2007-12-19/2007121911592513_2.jpg,http://pic22.nipic.com/20120720/8989765_092835333150_2.jpg','2015-04-26 00:00:00',0,2,'火腿肠，卤蛋，烤肠，肠，速食，肉干肉脯',901,NULL,500,4208,'所有食品都是绿色食品，不含防腐剂，您吃的放心是我们的荣幸','2016-09-16 20:55:53','2016-09-16 20:55:53'),(90109,1,NULL,'统一小浣熊干吃面',1.00,'/Public/img/goods/W020150327373576406347.jpg','http://pic29.nipic.com/20130525/5890690_184803578000_2.jpg,http://pica.nipic.com/2007-12-19/2007121911592513_2.jpg,http://pic22.nipic.com/20120720/8989765_092835333150_2.jpg','2015-04-30 00:00:00',0,2,'泡面，方便面，速食，袋装',901,NULL,500,4208,'所有食品都是绿色食品，不含防腐剂，您吃的放心是我们的荣幸','2016-09-16 20:55:53','2016-09-16 20:55:53'),(90110,1,NULL,'双汇Q趣火腿肠85g',1.00,'/Public/img/goods/23.jpg','http://pic29.nipic.com/20130525/5890690_184803578000_2.jpg,http://pica.nipic.com/2007-12-19/2007121911592513_2.jpg,http://pic22.nipic.com/20120720/8989765_092835333150_2.jpg','2015-04-26 00:00:00',0,2,'火腿肠，烤肠，肠，速食，肉干肉脯',901,NULL,500,4208,'所有食品都是绿色食品，不含防腐剂，您吃的放心是我们的荣幸','2016-09-16 20:55:53','2016-09-16 20:55:53'),(90111,1,NULL,'渔夫 鱼豆腐',1.00,'/Public/img/goods/9280c8519530206c.jpg','http://pic29.nipic.com/20130525/5890690_184803578000_2.jpg,http://pica.nipic.com/2007-12-19/2007121911592513_2.jpg,http://pic22.nipic.com/20120720/8989765_092835333150_2.jpg','2015-05-05 00:00:00',0,2,'肉脯肉干，特色',901,NULL,500,4208,'所有食品都是绿色食品，不含防腐剂，您吃的放心是我们的荣幸','2016-09-16 20:55:53','2016-09-16 20:55:53'),(90112,1,NULL,'宏香记 奥尔良烤肉豆腐',1.00,'/Public/img/goods/23.jpg','http://pic29.nipic.com/20130525/5890690_184803578000_2.jpg,http://pica.nipic.com/2007-12-19/2007121911592513_2.jpg,http://pic22.nipic.com/20120720/8989765_092835333150_2.jpg','2015-05-05 00:00:00',0,2,'肉干肉脯，特色',901,NULL,500,4208,'所有食品都是绿色食品，不含防腐剂，您吃的放心是我们的荣幸','2016-09-16 20:55:53','2016-09-16 20:55:53'),(90113,1,NULL,'贤嫂 砂锅豆腐',1.00,'/Public/img/goods/10584128_131324463183_2.jpg','http://pic29.nipic.com/20130525/5890690_184803578000_2.jpg,http://pica.nipic.com/2007-12-19/2007121911592513_2.jpg,http://pic22.nipic.com/20120720/8989765_092835333150_2.jpg','2015-05-05 00:00:00',0,2,'肉干肉脯，特色，爆款',901,NULL,500,4208,'所有食品都是绿色食品，不含防腐剂，您吃的放心是我们的荣幸','2016-09-16 20:55:53','2016-09-16 20:55:53'),(90114,1,NULL,'金大洲 香辣金针菇',1.00,'/Public/img/goods/W020150327373576406347.jpg','http://pic29.nipic.com/20130525/5890690_184803578000_2.jpg,http://pica.nipic.com/2007-12-19/2007121911592513_2.jpg,http://pic22.nipic.com/20120720/8989765_092835333150_2.jpg','2015-05-05 00:00:00',0,2,'肉干肉脯，特色，爆款',901,NULL,500,4208,'所有食品都是绿色食品，不含防腐剂，您吃的放心是我们的荣幸','2016-09-16 20:55:53','2016-09-16 20:55:53'),(90115,1,NULL,'阿胶枣 迷你包',1.00,'/Public/img/goods/23.jpg','http://pic29.nipic.com/20130525/5890690_184803578000_2.jpg,http://pica.nipic.com/2007-12-19/2007121911592513_2.jpg,http://pic22.nipic.com/20120720/8989765_092835333150_2.jpg','2015-05-05 00:00:00',0,2,'坚果蜜饯，糖果布丁，特色',901,NULL,500,4208,'所有食品都是绿色食品，不含防腐剂，您吃的放心是我们的荣幸','2016-09-16 20:55:53','2016-09-16 20:55:53'),(90116,1,NULL,'美国青豆 3包',1.00,'/Public/img/goods/9280c8519530206c.jpg','http://pic29.nipic.com/20130525/5890690_184803578000_2.jpg,http://pica.nipic.com/2007-12-19/2007121911592513_2.jpg,http://pic22.nipic.com/20120720/8989765_092835333150_2.jpg','2015-05-05 00:00:00',0,2,'坚果蜜饯，糖果布丁，特色',901,NULL,500,4208,'所有食品都是绿色食品，不含防腐剂，您吃的放心是我们的荣幸','2016-09-16 20:55:53','2016-09-16 20:55:53'),(100101,1,NULL,'限时抢购区里的商品一个订单只能购买一个哦',1.00,'/Public/img/goods/9280c8519530206c.jpg','http://pic29.nipic.com/20130525/5890690_184803578000_2.jpg,http://pica.nipic.com/2007-12-19/2007121911592513_2.jpg,http://pic22.nipic.com/20120720/8989765_092835333150_2.jpg','2015-04-22 00:00:00',0,2,'',1001,NULL,500,4208,'所有食品都是绿色食品，不含防腐剂，您吃的放心是我们的荣幸','2016-09-16 20:55:53','2016-09-16 20:55:53'),(100114,3,NULL,'1',1.00,NULL,NULL,'2016-09-11 16:31:26',0,2,'1',105,1.00,500,1,'1','2016-09-16 20:55:53','2016-09-16 20:55:53'),(100115,3,NULL,'1',1.00,NULL,NULL,'2016-09-11 16:35:38',0,2,'1',105,1.00,500,1,'1','2016-09-16 20:55:53','2016-09-16 20:55:53'),(100116,3,NULL,'1',1.00,NULL,NULL,'2016-09-11 16:43:06',0,2,'1',105,1.00,500,1,'1','2016-09-16 20:55:53','2016-09-16 20:55:53'),(100117,3,NULL,'1',1.00,NULL,NULL,'2016-09-11 16:52:14',0,2,'1',105,1.00,500,1,'1','2016-09-16 20:55:53','2016-09-16 20:55:53'),(100118,3,NULL,'2',2.00,NULL,NULL,'2016-09-11 17:14:26',0,2,'2',105,2.00,500,2,'2','2016-09-16 20:55:53','2016-09-16 20:55:53'),(100131,2,NULL,'1',1.00,'',NULL,'2016-09-12 21:54:25',0,2,'1',105,1.00,500,1,'1','2016-09-16 20:55:53','2016-09-16 20:55:53'),(100142,1,NULL,'zzz',12.00,'',NULL,'2016-09-16 10:38:29',1,2,'',105,12.00,500,12,'as','2016-09-16 20:55:53','2016-09-16 20:55:53'),(100143,1,NULL,'12',12.00,'',NULL,'2016-09-16 10:49:02',1,2,'',105,121.00,500,121,'131','2016-09-16 20:55:53','2016-09-16 20:55:53'),(100144,1,'2','asd',12.00,'',NULL,'2016-09-16 11:00:14',1,2,'',105,12.00,503,10,'adas','2016-09-16 20:55:53','2016-09-16 20:55:53'),(100153,1,'2','23432',234.00,'',NULL,'2016-09-16 21:08:27',1,2,'',105,234.00,500,235,'23432','2016-09-16 20:55:53','2016-09-16 20:55:53'),(100159,1,'2','sad',123.00,'http://i1.piimg.com/571132/7feea900ab381da1.jpg',NULL,'2016-09-20 21:25:50',1,2,'',106,123.00,516,29,'sad','2016-09-27 22:29:41','2016-09-27 22:29:42'),(100174,1,'178','asdf',12.00,'http://i1.piimg.com/571132/7feea900ab381da1.jpg',NULL,'2016-09-28 21:00:08',1,2,'',106,12.00,123,120,'dsaf','2016-09-28 21:22:17','2016-09-28 21:22:18'),(100175,2,'2','aaaaaaaaa',12.00,'',NULL,'2016-10-02 15:20:03',0,2,'',106,12.00,12,12,'123','2016-10-02 15:19:53','2016-10-02 15:19:54'),(100177,2,'178','11111111',12.00,'',NULL,'2016-10-02 15:34:50',0,2,'',106,12.00,10,10,'11111','2016-10-02 15:34:41','2016-10-02 15:34:43'),(100178,2,'178','1111111',0.00,'',NULL,'2016-10-02 15:35:11',0,2,'',106,0.00,0,0,'1111111','2016-10-02 15:35:00','2016-10-02 15:35:01'),(100179,29,'2','aaaaaaaa',0.00,'',NULL,'2016-10-02 16:13:43',0,2,'',106,0.00,100,100,'aaa','2016-10-02 16:13:33','2016-10-02 16:13:34'),(100181,1,'178','1111111',0.00,'',NULL,'2016-10-03 21:26:28',1,2,'',106,0.00,10000,9980,'111111','2016-10-03 21:26:18','2016-10-03 21:26:20'),(100183,1,'2','111111',12.00,'',NULL,'2016-10-04 12:06:39',1,2,'',106,12.00,90,75,'11111','2016-10-04 12:06:30','2016-10-04 12:06:32'),(100184,2,'2','1111111',12.00,'',NULL,'2016-10-04 12:08:47',0,2,'',106,12.00,12,11,'1111','2016-10-04 12:08:35','2016-10-04 12:08:37'),(100189,1,'178','werew',2.00,'',NULL,'2016-11-03 17:10:45',1,2,'',106,22.00,34,34,'21321','2016-11-03 17:10:28','2016-11-04 16:10:47'),(100192,1,'178','qweqw',120.00,'',NULL,'2016-11-03 20:36:22',1,2,'',206,12.00,33,33,'123','2016-11-03 20:44:23','2016-11-13 04:30:26'),(100200,1,'178','ghhj',12.00,'',NULL,'2016-11-05 17:29:51',1,2,'',106,12.00,32,14,'kjhkjh','2016-11-05 18:00:59','2016-11-11 14:25:01'),(100201,1,'2','sdasd',0.00,'',NULL,'2016-11-06 20:33:35',1,2,'',106,0.00,1030,1017,'asdsad','2016-11-06 20:33:23','2016-11-18 10:30:07'),(100202,1,'2','dsfdsf',21.00,'https://ss1.baidu.com/6ONXsjip0QIZ8tyhnq/it/u=1308028456,1970825325&fm=80&w=179&h=119&img.JPEG',NULL,'2016-11-07 20:07:28',1,2,'',106,11.00,22,22,'dsafdsfds','2016-11-09 02:05:30','2016-11-13 05:15:31'),(100203,1,'2','321321',0.00,'',NULL,'2016-11-11 19:52:12',1,2,'',106,0.00,213,206,'11651','2016-11-11 19:51:58','2016-11-25 15:45:43');
/*!40000 ALTER TABLE `food` ENABLE KEYS */;
UNLOCK TABLES;

--
-- Table structure for table `food_category`
--

DROP TABLE IF EXISTS `food_category`;
/*!40101 SET @saved_cs_client     = @@character_set_client */;
/*!40101 SET character_set_client = utf8 */;
CREATE TABLE `food_category` (
  `category_id` int(11) NOT NULL AUTO_INCREMENT COMMENT '分类id',
  `category` varchar(255) DEFAULT NULL,
  `img_url` varchar(255) DEFAULT NULL,
  `is_open` smallint(1) NOT NULL DEFAULT '1',
  PRIMARY KEY (`category_id`),
  KEY `campus_cateogry` (`category_id`)
) ENGINE=InnoDB AUTO_INCREMENT=208 DEFAULT CHARSET=utf8;
/*!40101 SET character_set_client = @saved_cs_client */;

--
-- Dumping data for table `food_category`
--

LOCK TABLES `food_category` WRITE;
/*!40000 ALTER TABLE `food_category` DISABLE KEYS */;
INSERT INTO `food_category` VALUES (106,'最新体验',NULL,0),(107,'特惠秒杀',NULL,1),(201,'早餐上门',NULL,1),(204,'水果上门',NULL,0),(206,'酒水饮品',NULL,1),(207,'饼干糕点',NULL,0);
/*!40000 ALTER TABLE `food_category` ENABLE KEYS */;
UNLOCK TABLES;

--
-- Table structure for table `food_detail`
--

DROP TABLE IF EXISTS `food_detail`;
/*!40101 SET @saved_cs_client     = @@character_set_client */;
/*!40101 SET character_set_client = utf8 */;
CREATE TABLE `food_detail` (
  `food_id` int(20) NOT NULL DEFAULT '0',
  `use_time` varchar(255) DEFAULT NULL,
  `bespoke` varchar(255) DEFAULT NULL,
  `rule` varchar(255) DEFAULT NULL,
  `cue` varchar(255) DEFAULT NULL,
  `food_url` varchar(255) DEFAULT NULL,
  PRIMARY KEY (`food_id`),
  UNIQUE KEY `food_id` (`food_id`)
) ENGINE=InnoDB DEFAULT CHARSET=utf8;
/*!40101 SET character_set_client = @saved_cs_client */;

--
-- Dumping data for table `food_detail`
--

LOCK TABLES `food_detail` WRITE;
/*!40000 ALTER TABLE `food_detail` DISABLE KEYS */;
INSERT INTO `food_detail` VALUES (0,'aaaaaaaaaaaa','bbbbbbbbbb','dddddddddddddd','fffffffffff',NULL),(1,'aaaaaaaaaaaa','bbbbbbbbbb','dddddddddddddd','fffffffffff',NULL),(10109,'aaaaaaaaaaaa','bbbbbbbbbb','dddddddddddddd','fffffffffff','localhost:8080/voucher/mobile/10109.html'),(10111,'aaaaaaaaaaaa','bbbbbbbbbb','dddddddddddddd','fffffffffff',NULL),(10112,'aaaaaaaaaaaa','bbbbbbbbbb','dddddddddddddd','fffffffffff',NULL),(10113,'aaaaaaaaaaaa','bbbbbbbbbb','dddddddddddddd','fffffffffff',NULL),(10114,'aaaaaaaaaaaa','bbbbbbbbbb','dddddddddddddd','fffffffffff',NULL),(10115,'aaaaaaaaaaaa','bbbbbbbbbb','dddddddddddddd','fffffffffff',NULL),(10116,'aaaaaaaaaaaa','bbbbbbbbbb','dddddddddddddd','fffffffffff',NULL),(10117,'aaaaaaaaaaaa','bbbbbbbbbb','dddddddddddddd','fffffffffff',NULL),(10118,'aaaaaaaaaaaa','bbbbbbbbbb','dddddddddddddd','fffffffffff',NULL),(10119,'aaaaaaaaaaaa','bbbbbbbbbb','dddddddddddddd','fffffffffff',NULL),(10120,'aaaaaaaaaaaa','bbbbbbbbbb','dddddddddddddd','fffffffffff',NULL),(10121,'aaaaaaaaaaaa','bbbbbbbbbb','dddddddddddddd','fffffffffff',NULL),(10122,'aaaaaaaaaaaa','bbbbbbbbbb','dddddddddddddd','fffffffffff',NULL),(10123,'aaaaaaaaaaaa','bbbbbbbbbb','dddddddddddddd','fffffffffff',NULL),(10124,'aaaaaaaaaaaa','bbbbbbbbbb','dddddddddddddd','fffffffffff',NULL),(10125,'aaaaaaaaaaaa','bbbbbbbbbb','dddddddddddddd','fffffffffff',NULL),(10126,'aaaaaaaaaaaa','bbbbbbbbbb','dddddddddddddd','fffffffffff',NULL),(10127,'aaaaaaaaaaaa','bbbbbbbbbb','dddddddddddddd','fffffffffff',NULL),(10128,'aaaaaaaaaaaa','bbbbbbbbbb','dddddddddddddd','fffffffffff',NULL),(10129,'aaaaaaaaaaaa','bbbbbbbbbb','dddddddddddddd','fffffffffff',NULL),(10130,'aaaaaaaaaaaa','bbbbbbbbbb','dddddddddddddd','fffffffffff','localhost:8080/voucher/mobile/10130.html'),(10131,'aaaaaaaaaaaa','bbbbbbbbbb','dddddddddddddd','fffffffffff',NULL),(10132,'aaaaaaaaaaaa','bbbbbbbbbb','dddddddddddddd','fffffffffff',NULL),(10133,'aaaaaaaaaaaa','bbbbbbbbbb','dddddddddddddd','fffffffffff',NULL),(10134,'aaaaaaaaaaaa','bbbbbbbbbb','dddddddddddddd','fffffffffff',NULL),(10135,'aaaaaaaaaaaa','bbbbbbbbbb','dddddddddddddd','fffffffffff',NULL),(10136,'aaaaaaaaaaaa','bbbbbbbbbb','dddddddddddddd','fffffffffff',NULL),(10137,'aaaaaaaaaaaa','bbbbbbbbbb','dddddddddddddd','fffffffffff',NULL),(10138,'aaaaaaaaaaaa','bbbbbbbbbb','dddddddddddddd','fffffffffff',NULL),(10139,'aaaaaaaaaaaa','bbbbbbbbbb','dddddddddddddd','fffffffffff',NULL),(10140,'aaaaaaaaaaaa','bbbbbbbbbb','dddddddddddddd','fffffffffff',NULL),(10141,'aaaaaaaaaaaa','bbbbbbbbbb','dddddddddddddd','fffffffffff',NULL),(10142,'aaaaaaaaaaaa','bbbbbbbbbb','dddddddddddddd','fffffffffff',NULL),(10143,'aaaaaaaaaaaa','bbbbbbbbbb','dddddddddddddd','fffffffffff',NULL),(10144,'aaaaaaaaaaaa','bbbbbbbbbb','dddddddddddddd','fffffffffff',NULL),(10145,'aaaaaaaaaaaa','bbbbbbbbbb','dddddddddddddd','fffffffffff',NULL),(10202,'aaaaaaaaaaaa','bbbbbbbbbb','dddddddddddddd','fffffffffff',NULL),(10203,'aaaaaaaaaaaa','bbbbbbbbbb','dddddddddddddd','fffffffffff',NULL),(10204,'aaaaaaaaaaaa','bbbbbbbbbb','dddddddddddddd','fffffffffff',NULL),(10205,'aaaaaaaaaaaa','bbbbbbbbbb','dddddddddddddd','fffffffffff',NULL),(10206,'aaaaaaaaaaaa','bbbbbbbbbb','dddddddddddddd','fffffffffff',NULL),(10207,'aaaaaaaaaaaa','bbbbbbbbbb','dddddddddddddd','fffffffffff',NULL),(10209,'aaaaaaaaaaaa','bbbbbbbbbb','dddddddddddddd','fffffffffff',NULL),(10210,'aaaaaaaaaaaa','bbbbbbbbbb','dddddddddddddd','fffffffffff',NULL),(10301,'aaaaaaaaaaaa','bbbbbbbbbb','dddddddddddddd','fffffffffff',NULL),(10302,'aaaaaaaaaaaa','bbbbbbbbbb','dddddddddddddd','fffffffffff',NULL),(10401,'aaaaaaaaaaaa','bbbbbbbbbb','dddddddddddddd','fffffffffff',NULL),(10402,'aaaaaaaaaaaa','bbbbbbbbbb','dddddddddddddd','fffffffffff',NULL),(10403,'aaaaaaaaaaaa','bbbbbbbbbb','dddddddddddddd','fffffffffff',NULL),(10404,'aaaaaaaaaaaa','bbbbbbbbbb','dddddddddddddd','fffffffffff',NULL),(10405,'aaaaaaaaaaaa','bbbbbbbbbb','dddddddddddddd','fffffffffff',NULL),(10406,'aaaaaaaaaaaa','bbbbbbbbbb','dddddddddddddd','fffffffffff',NULL),(10407,'aaaaaaaaaaaa','bbbbbbbbbb','dddddddddddddd','fffffffffff',NULL),(10408,'aaaaaaaaaaaa','bbbbbbbbbb','dddddddddddddd','fffffffffff',NULL),(10409,'aaaaaaaaaaaa','bbbbbbbbbb','dddddddddddddd','fffffffffff',NULL),(10410,'aaaaaaaaaaaa','bbbbbbbbbb','dddddddddddddd','fffffffffff',NULL),(10411,'aaaaaaaaaaaa','bbbbbbbbbb','dddddddddddddd','fffffffffff',NULL),(10412,'aaaaaaaaaaaa','bbbbbbbbbb','dddddddddddddd','fffffffffff',NULL),(10413,'aaaaaaaaaaaa','bbbbbbbbbb','dddddddddddddd','fffffffffff',NULL),(10414,'aaaaaaaaaaaa','bbbbbbbbbb','dddddddddddddd','fffffffffff',NULL),(10415,'aaaaaaaaaaaa','bbbbbbbbbb','dddddddddddddd','fffffffffff',NULL),(10416,'aaaaaaaaaaaa','bbbbbbbbbb','dddddddddddddd','fffffffffff',NULL),(10418,'aaaaaaaaaaaa','bbbbbbbbbb','dddddddddddddd','fffffffffff',NULL),(10502,'aaaaaaaaaaaa','bbbbbbbbbb','dddddddddddddd','fffffffffff',NULL),(10503,'aaaaaaaaaaaa','bbbbbbbbbb','dddddddddddddd','fffffffffff',NULL),(10504,'aaaaaaaaaaaa','bbbbbbbbbb','dddddddddddddd','fffffffffff',NULL),(10505,'aaaaaaaaaaaa','bbbbbbbbbb','dddddddddddddd','fffffffffff',NULL),(10506,'aaaaaaaaaaaa','bbbbbbbbbb','dddddddddddddd','fffffffffff',NULL),(10507,'aaaaaaaaaaaa','bbbbbbbbbb','dddddddddddddd','fffffffffff',NULL),(10601,'aaaaaaaaaaaa','bbbbbbbbbb','dddddddddddddd','fffffffffff',NULL),(10602,'aaaaaaaaaaaa','bbbbbbbbbb','dddddddddddddd','fffffffffff',NULL),(10603,'aaaaaaaaaaaa','bbbbbbbbbb','dddddddddddddd','fffffffffff',NULL),(10604,'aaaaaaaaaaaa','bbbbbbbbbb','dddddddddddddd','fffffffffff',NULL),(10605,'aaaaaaaaaaaa','bbbbbbbbbb','dddddddddddddd','fffffffffff',NULL),(10607,'aaaaaaaaaaaa','bbbbbbbbbb','dddddddddddddd','fffffffffff',NULL),(10608,'aaaaaaaaaaaa','bbbbbbbbbb','dddddddddddddd','fffffffffff',NULL),(10609,'aaaaaaaaaaaa','bbbbbbbbbb','dddddddddddddd','fffffffffff',NULL),(10610,'aaaaaaaaaaaa','bbbbbbbbbb','dddddddddddddd','fffffffffff',NULL),(10611,'aaaaaaaaaaaa','bbbbbbbbbb','dddddddddddddd','fffffffffff',NULL),(10612,'aaaaaaaaaaaa','bbbbbbbbbb','dddddddddddddd','fffffffffff',NULL),(10613,'aaaaaaaaaaaa','bbbbbbbbbb','dddddddddddddd','fffffffffff',NULL),(10614,'aaaaaaaaaaaa','bbbbbbbbbb','dddddddddddddd','fffffffffff',NULL),(10615,'aaaaaaaaaaaa','bbbbbbbbbb','dddddddddddddd','fffffffffff',NULL),(10617,'aaaaaaaaaaaa','bbbbbbbbbb','dddddddddddddd','fffffffffff',NULL),(10618,'aaaaaaaaaaaa','bbbbbbbbbb','dddddddddddddd','fffffffffff',NULL),(10619,'aaaaaaaaaaaa','bbbbbbbbbb','dddddddddddddd','fffffffffff',NULL),(10620,'aaaaaaaaaaaa','bbbbbbbbbb','dddddddddddddd','fffffffffff',NULL),(10621,'aaaaaaaaaaaa','bbbbbbbbbb','dddddddddddddd','fffffffffff',NULL),(10622,'aaaaaaaaaaaa','bbbbbbbbbb','dddddddddddddd','fffffffffff',NULL),(10623,'aaaaaaaaaaaa','bbbbbbbbbb','dddddddddddddd','fffffffffff',NULL),(10624,'aaaaaaaaaaaa','bbbbbbbbbb','dddddddddddddd','fffffffffff',NULL),(10625,'aaaaaaaaaaaa','bbbbbbbbbb','dddddddddddddd','fffffffffff',NULL),(10626,'aaaaaaaaaaaa','bbbbbbbbbb','dddddddddddddd','fffffffffff',NULL),(10701,'aaaaaaaaaaaa','bbbbbbbbbb','dddddddddddddd','fffffffffff',NULL),(10702,'aaaaaaaaaaaa','bbbbbbbbbb','dddddddddddddd','fffffffffff',NULL),(10703,'aaaaaaaaaaaa','bbbbbbbbbb','dddddddddddddd','fffffffffff',NULL),(10704,'aaaaaaaaaaaa','bbbbbbbbbb','dddddddddddddd','fffffffffff',NULL),(10705,'aaaaaaaaaaaa','bbbbbbbbbb','dddddddddddddd','fffffffffff',NULL),(10706,'aaaaaaaaaaaa','bbbbbbbbbb','dddddddddddddd','fffffffffff',NULL),(10707,'aaaaaaaaaaaa','bbbbbbbbbb','dddddddddddddd','fffffffffff',NULL),(10708,'aaaaaaaaaaaa','bbbbbbbbbb','dddddddddddddd','fffffffffff',NULL),(10709,'aaaaaaaaaaaa','bbbbbbbbbb','dddddddddddddd','fffffffffff',NULL),(10710,'aaaaaaaaaaaa','bbbbbbbbbb','dddddddddddddd','fffffffffff',NULL),(10711,'aaaaaaaaaaaa','bbbbbbbbbb','dddddddddddddd','fffffffffff',NULL),(10712,'aaaaaaaaaaaa','bbbbbbbbbb','dddddddddddddd','fffffffffff',NULL),(10713,'aaaaaaaaaaaa','bbbbbbbbbb','dddddddddddddd','fffffffffff',NULL),(10714,'aaaaaaaaaaaa','bbbbbbbbbb','dddddddddddddd','fffffffffff',NULL),(10715,'aaaaaaaaaaaa','bbbbbbbbbb','dddddddddddddd','fffffffffff',NULL),(10716,'aaaaaaaaaaaa','bbbbbbbbbb','dddddddddddddd','fffffffffff',NULL),(10718,'aaaaaaaaaaaa','bbbbbbbbbb','dddddddddddddd','fffffffffff',NULL),(10719,'aaaaaaaaaaaa','bbbbbbbbbb','dddddddddddddd','fffffffffff',NULL),(10720,'aaaaaaaaaaaa','bbbbbbbbbb','dddddddddddddd','fffffffffff',NULL),(10722,'aaaaaaaaaaaa','bbbbbbbbbb','dddddddddddddd','fffffffffff',NULL),(19999,'111111111','2222222','44444444','333333333','localhost:8080/voucher/mobile/19999.html'),(20101,'aaaaaaaaaaaa','bbbbbbbbbb','dddddddddddddd','fffffffffff',NULL),(20102,'aaaaaaaaaaaa','bbbbbbbbbb','dddddddddddddd','fffffffffff',NULL),(20103,'aaaaaaaaaaaa','bbbbbbbbbb','dddddddddddddd','fffffffffff',NULL),(20104,'aaaaaaaaaaaa','bbbbbbbbbb','dddddddddddddd','fffffffffff',NULL),(20107,'aaaaaaaaaaaa','bbbbbbbbbb','dddddddddddddd','fffffffffff',NULL),(20109,'aaaaaaaaaaaa','bbbbbbbbbb','dddddddddddddd','fffffffffff',NULL),(20110,'aaaaaaaaaaaa','bbbbbbbbbb','dddddddddddddd','fffffffffff',NULL),(20111,'aaaaaaaaaaaa','bbbbbbbbbb','dddddddddddddd','fffffffffff',NULL),(20112,'aaaaaaaaaaaa','bbbbbbbbbb','dddddddddddddd','fffffffffff',NULL),(20204,'aaaaaaaaaaaa','bbbbbbbbbb','dddddddddddddd','fffffffffff',NULL),(20205,'aaaaaaaaaaaa','bbbbbbbbbb','dddddddddddddd','fffffffffff',NULL),(20206,'aaaaaaaaaaaa','bbbbbbbbbb','dddddddddddddd','fffffffffff',NULL),(20207,'aaaaaaaaaaaa','bbbbbbbbbb','dddddddddddddd','fffffffffff',NULL),(20208,'aaaaaaaaaaaa','bbbbbbbbbb','dddddddddddddd','fffffffffff',NULL),(20209,'aaaaaaaaaaaa','bbbbbbbbbb','dddddddddddddd','fffffffffff',NULL),(20210,'aaaaaaaaaaaa','bbbbbbbbbb','dddddddddddddd','fffffffffff',NULL),(20211,'aaaaaaaaaaaa','bbbbbbbbbb','dddddddddddddd','fffffffffff',NULL),(20212,'aaaaaaaaaaaa','bbbbbbbbbb','dddddddddddddd','fffffffffff',NULL),(20213,'aaaaaaaaaaaa','bbbbbbbbbb','dddddddddddddd','fffffffffff',NULL),(20214,'aaaaaaaaaaaa','bbbbbbbbbb','dddddddddddddd','fffffffffff',NULL),(20215,'aaaaaaaaaaaa','bbbbbbbbbb','dddddddddddddd','fffffffffff',NULL),(20216,'aaaaaaaaaaaa','bbbbbbbbbb','dddddddddddddd','fffffffffff',NULL),(20301,'aaaaaaaaaaaa','bbbbbbbbbb','dddddddddddddd','fffffffffff',NULL),(20302,'aaaaaaaaaaaa','bbbbbbbbbb','dddddddddddddd','fffffffffff',NULL),(20304,'aaaaaaaaaaaa','bbbbbbbbbb','dddddddddddddd','fffffffffff',NULL),(20305,'aaaaaaaaaaaa','bbbbbbbbbb','dddddddddddddd','fffffffffff',NULL),(20306,'aaaaaaaaaaaa','bbbbbbbbbb','dddddddddddddd','fffffffffff',NULL),(20307,'aaaaaaaaaaaa','bbbbbbbbbb','dddddddddddddd','fffffffffff',NULL),(20308,'aaaaaaaaaaaa','bbbbbbbbbb','dddddddddddddd','fffffffffff',NULL),(20309,'aaaaaaaaaaaa','bbbbbbbbbb','dddddddddddddd','fffffffffff',NULL),(20310,'aaaaaaaaaaaa','bbbbbbbbbb','dddddddddddddd','fffffffffff',NULL),(20401,'aaaaaaaaaaaa','bbbbbbbbbb','dddddddddddddd','fffffffffff',NULL),(20402,'aaaaaaaaaaaa','bbbbbbbbbb','dddddddddddddd','fffffffffff',NULL),(20404,'aaaaaaaaaaaa','bbbbbbbbbb','dddddddddddddd','fffffffffff',NULL),(20406,'aaaaaaaaaaaa','bbbbbbbbbb','dddddddddddddd','fffffffffff',NULL),(20407,'aaaaaaaaaaaa','bbbbbbbbbb','dddddddddddddd','fffffffffff',NULL),(20502,'aaaaaaaaaaaa','bbbbbbbbbb','dddddddddddddd','fffffffffff',NULL),(20601,'aaaaaaaaaaaa','bbbbbbbbbb','dddddddddddddd','fffffffffff',NULL),(20602,'aaaaaaaaaaaa','bbbbbbbbbb','dddddddddddddd','fffffffffff',NULL),(20603,'aaaaaaaaaaaa','bbbbbbbbbb','dddddddddddddd','fffffffffff',NULL),(20604,'aaaaaaaaaaaa','bbbbbbbbbb','dddddddddddddd','fffffffffff',NULL),(20605,'aaaaaaaaaaaa','bbbbbbbbbb','dddddddddddddd','fffffffffff',NULL),(20606,'aaaaaaaaaaaa','bbbbbbbbbb','dddddddddddddd','fffffffffff',NULL),(20607,'aaaaaaaaaaaa','bbbbbbbbbb','dddddddddddddd','fffffffffff',NULL),(20608,'aaaaaaaaaaaa','bbbbbbbbbb','dddddddddddddd','fffffffffff',NULL),(20609,'aaaaaaaaaaaa','bbbbbbbbbb','dddddddddddddd','fffffffffff',NULL),(20610,'aaaaaaaaaaaa','bbbbbbbbbb','dddddddddddddd','fffffffffff',NULL),(20611,'aaaaaaaaaaaa','bbbbbbbbbb','dddddddddddddd','fffffffffff',NULL),(20612,'aaaaaaaaaaaa','bbbbbbbbbb','dddddddddddddd','fffffffffff',NULL),(20613,'aaaaaaaaaaaa','bbbbbbbbbb','dddddddddddddd','fffffffffff',NULL),(20614,'aaaaaaaaaaaa','bbbbbbbbbb','dddddddddddddd','fffffffffff',NULL),(20616,'aaaaaaaaaaaa','bbbbbbbbbb','dddddddddddddd','fffffffffff',NULL),(20617,'aaaaaaaaaaaa','bbbbbbbbbb','dddddddddddddd','fffffffffff',NULL),(20618,'aaaaaaaaaaaa','bbbbbbbbbb','dddddddddddddd','fffffffffff',NULL),(20701,'aaaaaaaaaaaa','bbbbbbbbbb','dddddddddddddd','fffffffffff',NULL),(20702,'aaaaaaaaaaaa','bbbbbbbbbb','dddddddddddddd','fffffffffff',NULL),(20703,'aaaaaaaaaaaa','bbbbbbbbbb','dddddddddddddd','fffffffffff',NULL),(20704,'aaaaaaaaaaaa','bbbbbbbbbb','dddddddddddddd','fffffffffff',NULL),(40101,'aaaaaaaaaaaa','bbbbbbbbbb','dddddddddddddd','fffffffffff',NULL),(40102,'aaaaaaaaaaaa','bbbbbbbbbb','dddddddddddddd','fffffffffff',NULL),(40103,'aaaaaaaaaaaa','bbbbbbbbbb','dddddddddddddd','fffffffffff',NULL),(40104,'aaaaaaaaaaaa','bbbbbbbbbb','dddddddddddddd','fffffffffff',NULL),(40105,'aaaaaaaaaaaa','bbbbbbbbbb','dddddddddddddd','fffffffffff',NULL),(40106,'aaaaaaaaaaaa','bbbbbbbbbb','dddddddddddddd','fffffffffff',NULL),(40107,'aaaaaaaaaaaa','bbbbbbbbbb','dddddddddddddd','fffffffffff',NULL),(40108,'aaaaaaaaaaaa','bbbbbbbbbb','dddddddddddddd','fffffffffff',NULL),(40109,'aaaaaaaaaaaa','bbbbbbbbbb','dddddddddddddd','fffffffffff',NULL),(40110,'aaaaaaaaaaaa','bbbbbbbbbb','dddddddddddddd','fffffffffff',NULL),(40111,'aaaaaaaaaaaa','bbbbbbbbbb','dddddddddddddd','fffffffffff',NULL),(40112,'aaaaaaaaaaaa','bbbbbbbbbb','dddddddddddddd','fffffffffff',NULL),(40113,'aaaaaaaaaaaa','bbbbbbbbbb','dddddddddddddd','fffffffffff',NULL),(40114,'aaaaaaaaaaaa','bbbbbbbbbb','dddddddddddddd','fffffffffff',NULL),(40203,'aaaaaaaaaaaa','bbbbbbbbbb','dddddddddddddd','fffffffffff',NULL),(40204,'aaaaaaaaaaaa','bbbbbbbbbb','dddddddddddddd','fffffffffff',NULL),(40205,'aaaaaaaaaaaa','bbbbbbbbbb','dddddddddddddd','fffffffffff',NULL),(40206,'aaaaaaaaaaaa','bbbbbbbbbb','dddddddddddddd','fffffffffff',NULL),(40207,'aaaaaaaaaaaa','bbbbbbbbbb','dddddddddddddd','fffffffffff',NULL),(40208,'aaaaaaaaaaaa','bbbbbbbbbb','dddddddddddddd','fffffffffff',NULL),(40209,'aaaaaaaaaaaa','bbbbbbbbbb','dddddddddddddd','fffffffffff',NULL),(40210,'aaaaaaaaaaaa','bbbbbbbbbb','dddddddddddddd','fffffffffff',NULL),(40301,'aaaaaaaaaaaa','bbbbbbbbbb','dddddddddddddd','fffffffffff',NULL),(40302,'aaaaaaaaaaaa','bbbbbbbbbb','dddddddddddddd','fffffffffff',NULL),(40303,'aaaaaaaaaaaa','bbbbbbbbbb','dddddddddddddd','fffffffffff',NULL),(40304,'aaaaaaaaaaaa','bbbbbbbbbb','dddddddddddddd','fffffffffff',NULL),(40305,'aaaaaaaaaaaa','bbbbbbbbbb','dddddddddddddd','fffffffffff',NULL),(40306,'aaaaaaaaaaaa','bbbbbbbbbb','dddddddddddddd','fffffffffff',NULL),(40307,'aaaaaaaaaaaa','bbbbbbbbbb','dddddddddddddd','fffffffffff',NULL),(40308,'aaaaaaaaaaaa','bbbbbbbbbb','dddddddddddddd','fffffffffff',NULL),(40309,'aaaaaaaaaaaa','bbbbbbbbbb','dddddddddddddd','fffffffffff',NULL),(40310,'aaaaaaaaaaaa','bbbbbbbbbb','dddddddddddddd','fffffffffff',NULL),(40311,'aaaaaaaaaaaa','bbbbbbbbbb','dddddddddddddd','fffffffffff',NULL),(40312,'aaaaaaaaaaaa','bbbbbbbbbb','dddddddddddddd','fffffffffff',NULL),(40313,'aaaaaaaaaaaa','bbbbbbbbbb','dddddddddddddd','fffffffffff',NULL),(40314,'aaaaaaaaaaaa','bbbbbbbbbb','dddddddddddddd','fffffffffff',NULL),(40317,'aaaaaaaaaaaa','bbbbbbbbbb','dddddddddddddd','fffffffffff',NULL),(40318,'aaaaaaaaaaaa','bbbbbbbbbb','dddddddddddddd','fffffffffff',NULL),(40319,'aaaaaaaaaaaa','bbbbbbbbbb','dddddddddddddd','fffffffffff',NULL),(40321,'aaaaaaaaaaaa','bbbbbbbbbb','dddddddddddddd','fffffffffff',NULL),(40322,'aaaaaaaaaaaa','bbbbbbbbbb','dddddddddddddd','fffffffffff',NULL),(40401,'aaaaaaaaaaaa','bbbbbbbbbb','dddddddddddddd','fffffffffff',NULL),(40402,'aaaaaaaaaaaa','bbbbbbbbbb','dddddddddddddd','fffffffffff',NULL),(40403,'aaaaaaaaaaaa','bbbbbbbbbb','dddddddddddddd','fffffffffff',NULL),(40404,'aaaaaaaaaaaa','bbbbbbbbbb','dddddddddddddd','fffffffffff',NULL),(40405,'aaaaaaaaaaaa','bbbbbbbbbb','dddddddddddddd','fffffffffff',NULL),(40406,'aaaaaaaaaaaa','bbbbbbbbbb','dddddddddddddd','fffffffffff',NULL),(90101,'aaaaaaaaaaaa','bbbbbbbbbb','dddddddddddddd','fffffffffff',NULL),(90102,'aaaaaaaaaaaa','bbbbbbbbbb','dddddddddddddd','fffffffffff',NULL),(90103,'aaaaaaaaaaaa','bbbbbbbbbb','dddddddddddddd','fffffffffff',NULL),(90104,'aaaaaaaaaaaa','bbbbbbbbbb','dddddddddddddd','fffffffffff',NULL),(90105,'aaaaaaaaaaaa','bbbbbbbbbb','dddddddddddddd','fffffffffff',NULL),(90106,'aaaaaaaaaaaa','bbbbbbbbbb','dddddddddddddd','fffffffffff',NULL),(90107,'aaaaaaaaaaaa','bbbbbbbbbb','dddddddddddddd','fffffffffff',NULL),(90108,'aaaaaaaaaaaa','bbbbbbbbbb','dddddddddddddd','fffffffffff',NULL),(90109,'aaaaaaaaaaaa','bbbbbbbbbb','dddddddddddddd','fffffffffff',NULL),(90110,'aaaaaaaaaaaa','bbbbbbbbbb','dddddddddddddd','fffffffffff',NULL),(90111,'aaaaaaaaaaaa','bbbbbbbbbb','dddddddddddddd','fffffffffff',NULL),(90112,'aaaaaaaaaaaa','bbbbbbbbbb','dddddddddddddd','fffffffffff',NULL),(90113,'aaaaaaaaaaaa','bbbbbbbbbb','dddddddddddddd','fffffffffff',NULL),(90114,'aaaaaaaaaaaa','bbbbbbbbbb','dddddddddddddd','fffffffffff',NULL),(90115,'aaaaaaaaaaaa','bbbbbbbbbb','dddddddddddddd','fffffffffff',NULL),(90116,'aaaaaaaaaaaa','bbbbbbbbbb','dddddddddddddd','fffffffffff',NULL),(100101,'aaaaaaaaaaaa','bbbbbbbbbb','dddddddddddddd','fffffffffff',NULL),(100114,'aaaaaaaaaaaa','bbbbbbbbbb','dddddddddddddd','fffffffffff',NULL),(100115,'aaaaaaaaaaaa','bbbbbbbbbb','dddddddddddddd','fffffffffff',NULL),(100116,'aaaaaaaaaaaa','bbbbbbbbbb','dddddddddddddd','fffffffffff',NULL),(100117,'aaaaaaaaaaaa','bbbbbbbbbb','dddddddddddddd','fffffffffff',NULL),(100118,'aaaaaaaaaaaa','bbbbbbbbbb','dddddddddddddd','fffffffffff',NULL),(100131,'aaaaaaaaaaaa','bbbbbbbbbb','dddddddddddddd','fffffffffff','localhost:8080/voucher/mobile/100131.html'),(100142,'aaaaaaaaaaaa','bbbbbbbbbb','dddddddddddddd','fffffffffff','52393.viphk.ngrok.org/voucher/mobile/100142.html'),(100143,'aaaaaaaaaaaa','bbbbbbbbbb','dddddddddddddd','fffffffffff','52393.viphk.ngrok.org/voucher/mobile/100143.html'),(100144,'aaaaaaaaaaaa','bbbbbbbbbb','dddddddddddddd','fffffffffff','52393.viphk.ngrok.org/voucher/mobile/100144.html'),(100153,'aaaaaaaaaaaa','bbbbbbbbbb','dddddddddddddd','fffffffffff','52393.viphk.ngrok.org/voucher/mobile/100153.html'),(100159,'aaaaaaaaaaaa','bbbbbbbbbb','xxxxxxxxxxxxxxxxxxxx','ttttttttttttttt','52393.viphk.ngrok.org/voucher/mobile/100159.html'),(100174,'工工工工工','333333333','-','-','52393.viphk.ngrok.org/voucher/mobile/100174.html'),(100175,NULL,NULL,NULL,NULL,'localhost:8080/voucher/mobile/100175.html'),(100177,NULL,NULL,NULL,NULL,'localhost:8080/voucher/mobile/100177.html'),(100178,NULL,NULL,NULL,NULL,'localhost:8080/voucher/mobile/100178.html'),(100179,NULL,NULL,NULL,NULL,'localhost:8080/voucher/mobile/100179.html'),(100181,'-','-','-','-','52393.viphk.ngrok.org/voucher/mobile/100181.html'),(100183,'2222222','','','','52393.viphk.ngrok.org/voucher/mobile/100183.html'),(100184,NULL,NULL,NULL,NULL,'a03qtwxifp.proxy.qqbrowser.cc:8000/voucher/mobile/100184.html'),(100189,NULL,NULL,NULL,NULL,'52393.viphk.ngrok.org/voucher/mobile/100189.html'),(100192,NULL,NULL,NULL,NULL,'52393.viphk.ngrok.org/voucher/mobile/100192.html'),(100200,'lkjlkj　在在在厅　在','大在在在在','在在大　大','大要枯要林要　','52393.viphk.ngrok.org/voucher/mobile/100200.html'),(100201,NULL,NULL,NULL,NULL,'52393.viphk.ngrok.org/voucher/mobile/100201.html'),(100202,NULL,NULL,NULL,NULL,'52393.viphk.ngrok.org/voucher/mobile/100202.html'),(100203,NULL,NULL,NULL,NULL,'52393.viphk.ngrok.org/voucher/mobile/100203.html');
/*!40000 ALTER TABLE `food_detail` ENABLE KEYS */;
UNLOCK TABLES;

--
-- Table structure for table `orders`
--

DROP TABLE IF EXISTS `orders`;
/*!40101 SET @saved_cs_client     = @@character_set_client */;
/*!40101 SET character_set_client = utf8 */;
CREATE TABLE `orders` (
  `id` int(20) NOT NULL AUTO_INCREMENT,
  `open_id` varchar(255) NOT NULL,
  `campus_id` int(11) NOT NULL,
  `campus_admin` varchar(255) NOT NULL,
  `food_id` bigint(20) NOT NULL,
  `amount` int(10) NOT NULL DEFAULT '1',
  `create_time` datetime NOT NULL,
  `consume_time` datetime DEFAULT NULL,
  `pay_state` smallint(1) NOT NULL DEFAULT '0' COMMENT '是否付款',
  `consume` float(6,2) NOT NULL DEFAULT '0.00' COMMENT '消费金额',
  `used` smallint(1) NOT NULL DEFAULT '0',
  `use_type` smallint(1) DEFAULT '1' COMMENT '此订单商品是否过期　0表示过期',
  `settle` smallint(1) DEFAULT '0' COMMENT '此字段用于结算',
  `settle_status` smallint(1) DEFAULT '0',
  PRIMARY KEY (`id`)
) ENGINE=InnoDB AUTO_INCREMENT=82 DEFAULT CHARSET=utf8;
/*!40101 SET character_set_client = @saved_cs_client */;

--
-- Dumping data for table `orders`
--

LOCK TABLES `orders` WRITE;
/*!40000 ALTER TABLE `orders` DISABLE KEYS */;
INSERT INTO `orders` VALUES (4,'odos2s-S4k3qupgn-pDW42osG1Gg',1,'2',100144,1,'2016-10-11 21:24:31',NULL,0,0.00,0,0,0,0),(5,'odos2s-S4k3qupgn-pDW42osG1Gg',1,'178',100174,1,'2016-10-16 17:05:27',NULL,0,0.00,0,0,0,0),(6,'odos2s-S4k3qupgn-pDW42osG1Gg',1,'178',100174,1,'2016-10-16 17:05:39',NULL,0,0.00,0,0,0,0),(7,'odos2s-S4k3qupgn-pDW42osG1Gg',1,'178',100174,1,'2016-10-16 17:05:46',NULL,0,0.00,0,0,0,0),(8,'odos2syWNnnLc6q4TYFZi9aEHDDg',1,'2',100144,1,'2016-10-16 17:26:16',NULL,0,0.00,0,0,0,0),(9,'odos2s-S4k3qupgn-pDW42osG1Gg',1,'2',100183,1,'2016-10-17 20:45:49',NULL,0,0.00,0,0,0,0),(10,'odos2syWNnnLc6q4TYFZi9aEHDDg',1,'2',100183,1,'2016-10-17 20:57:11',NULL,0,0.00,0,0,0,0),(11,'odos2syWNnnLc6q4TYFZi9aEHDDg',1,'2',100183,1,'2016-10-17 21:05:48',NULL,0,0.00,0,1,0,0),(12,'odos2s-S4k3qupgn-pDW42osG1Gg',1,'2',100183,1,'2016-10-17 21:19:25',NULL,0,0.00,0,0,0,0),(13,'odos2syWNnnLc6q4TYFZi9aEHDDg',1,'2',100183,1,'2016-10-17 22:03:01',NULL,0,0.00,0,1,0,0),(14,'odos2s-S4k3qupgn-pDW42osG1Gg',1,'2',100183,1,'2016-10-17 22:03:27',NULL,0,0.00,0,0,0,0),(15,'odos2syWNnnLc6q4TYFZi9aEHDDg',1,'2',100183,1,'2016-10-17 22:04:00',NULL,0,0.00,0,1,0,0),(16,'odos2s-S4k3qupgn-pDW42osG1Gg',1,'2',100183,1,'2016-10-17 22:04:05',NULL,0,0.00,0,0,0,0),(17,'odos2s-S4k3qupgn-pDW42osG1Gg',1,'2',100183,1,'2016-10-17 22:04:08',NULL,0,0.00,0,0,0,0),(18,'odos2s-S4k3qupgn-pDW42osG1Gg',1,'2',100183,1,'2016-10-17 22:04:11',NULL,0,0.00,0,0,0,0),(19,'odos2s-S4k3qupgn-pDW42osG1Gg',1,'2',100183,1,'2016-10-17 22:04:13',NULL,0,0.00,0,0,0,0),(20,'odos2s-S4k3qupgn-pDW42osG1Gg',1,'2',100183,1,'2016-10-17 22:04:15',NULL,0,0.00,0,0,0,0),(21,'odos2s-S4k3qupgn-pDW42osG1Gg',1,'2',100183,1,'2016-10-18 20:55:16',NULL,0,0.00,0,0,0,0),(22,'oJ-HUw9CQBv2lhYVVEXaWnfKqq9I',2,'2',100184,1,'2016-10-20 16:57:55',NULL,0,0.00,0,1,0,0),(23,'odos2s-S4k3qupgn-pDW42osG1Gg',1,'2',100183,1,'2016-10-30 15:51:13',NULL,0,0.00,0,0,0,0),(24,'odos2s-S4k3qupgn-pDW42osG1Gg',1,'178',100181,1,'2016-10-30 15:51:58',NULL,0,0.00,0,0,0,0),(27,'odos2syWNnnLc6q4TYFZi9aEHDDg',1,'178',100181,1,'2016-10-31 20:55:46',NULL,0,0.00,0,1,0,0),(28,'odos2syWNnnLc6q4TYFZi9aEHDDg',1,'178',100181,1,'2016-10-31 20:56:08',NULL,0,0.00,0,1,0,0),(29,'odos2syWNnnLc6q4TYFZi9aEHDDg',1,'178',100181,1,'2016-10-31 20:56:13',NULL,0,0.00,0,1,0,0),(30,'odos2syWNnnLc6q4TYFZi9aEHDDg',1,'178',100181,1,'2016-10-31 20:56:15',NULL,0,0.00,0,1,0,0),(31,'odos2syWNnnLc6q4TYFZi9aEHDDg',1,'178',100181,1,'2016-10-31 20:56:17',NULL,0,0.00,0,1,0,0),(32,'odos2syWNnnLc6q4TYFZi9aEHDDg',1,'178',100181,1,'2016-10-31 20:56:18',NULL,0,0.00,0,1,0,0),(33,'odos2syWNnnLc6q4TYFZi9aEHDDg',1,'178',100181,1,'2016-10-31 20:56:20',NULL,0,0.00,0,1,0,0),(34,'odos2syWNnnLc6q4TYFZi9aEHDDg',1,'178',100181,1,'2016-10-31 20:56:21',NULL,0,0.00,0,1,0,0),(35,'odos2syWNnnLc6q4TYFZi9aEHDDg',1,'178',100181,1,'2016-10-31 20:56:22',NULL,0,0.00,0,1,0,0),(36,'odos2syWNnnLc6q4TYFZi9aEHDDg',1,'178',100181,1,'2016-10-31 20:56:24',NULL,0,0.00,0,1,0,0),(37,'odos2syWNnnLc6q4TYFZi9aEHDDg',1,'178',100181,1,'2016-10-31 20:56:25',NULL,0,0.00,0,1,0,0),(38,'odos2syWNnnLc6q4TYFZi9aEHDDg',1,'178',100181,1,'2016-10-31 20:56:26',NULL,0,0.00,0,1,0,0),(39,'odos2syWNnnLc6q4TYFZi9aEHDDg',1,'178',100181,1,'2016-10-31 20:56:28',NULL,0,0.00,0,1,0,0),(40,'odos2syWNnnLc6q4TYFZi9aEHDDg',1,'178',100181,1,'2016-10-31 20:56:28',NULL,0,0.00,0,1,0,0),(41,'odos2syWNnnLc6q4TYFZi9aEHDDg',1,'178',100181,1,'2016-10-31 20:56:29',NULL,0,0.00,0,1,0,0),(42,'odos2syWNnnLc6q4TYFZi9aEHDDg',1,'178',100181,1,'2016-10-31 20:56:29',NULL,0,0.00,0,1,0,0),(43,'odos2syWNnnLc6q4TYFZi9aEHDDg',1,'178',100181,1,'2016-10-31 21:00:23',NULL,0,0.00,0,1,0,0),(44,'odos2s-S4k3qupgn-pDW42osG1Gg',1,'2',100183,1,'2016-11-01 10:05:52',NULL,0,0.00,0,0,0,0),(50,'odos2s-S4k3qupgn-pDW42osG1Gg',1,'178',100200,1,'2016-11-05 18:01:31',NULL,0,0.00,0,0,0,0),(51,'odos2s-S4k3qupgn-pDW42osG1Gg',1,'178',100200,1,'2016-11-05 18:01:35',NULL,0,0.00,0,0,0,0),(52,'odos2s-S4k3qupgn-pDW42osG1Gg',1,'178',100200,1,'2016-11-05 18:01:43',NULL,0,0.00,0,1,0,0),(53,'odos2s-S4k3qupgn-pDW42osG1Gg',1,'178',100200,1,'2016-11-05 18:01:47',NULL,0,0.00,0,1,0,0),(54,'odos2s-S4k3qupgn-pDW42osG1Gg',1,'178',100200,1,'2016-11-05 19:12:56',NULL,0,0.00,0,1,0,0),(55,'odos2s-S4k3qupgn-pDW42osG1Gg',1,'178',100200,1,'2016-11-05 19:13:00',NULL,0,0.00,0,1,0,0),(56,'odos2s-S4k3qupgn-pDW42osG1Gg',1,'178',100200,1,'2016-11-05 19:13:04',NULL,0,0.00,0,1,0,0),(57,'odos2s-S4k3qupgn-pDW42osG1Gg',1,'178',100200,1,'2016-11-05 19:13:08',NULL,0,0.00,0,1,0,0),(58,'odos2s-S4k3qupgn-pDW42osG1Gg',1,'178',100200,1,'2016-11-05 19:16:14',NULL,0,0.00,0,1,0,0),(59,'odos2s-S4k3qupgn-pDW42osG1Gg',1,'178',100200,1,'2016-11-05 19:16:32',NULL,0,0.00,0,1,0,0),(60,'odos2s-S4k3qupgn-pDW42osG1Gg',1,'178',100200,1,'2016-11-05 19:19:35',NULL,0,0.00,0,1,0,0),(61,'odos2s-S4k3qupgn-pDW42osG1Gg',1,'178',100200,1,'2016-11-05 20:10:43',NULL,0,0.00,0,1,0,0),(62,'odos2s-S4k3qupgn-pDW42osG1Gg',1,'178',100200,1,'2016-11-05 20:11:28',NULL,0,0.00,0,1,0,0),(63,'odos2s-S4k3qupgn-pDW42osG1Gg',1,'178',100200,1,'2016-11-05 20:40:10',NULL,0,0.00,0,1,0,0),(64,'odos2s-S4k3qupgn-pDW42osG1Gg',1,'178',100200,1,'2016-11-05 20:41:39',NULL,0,0.00,0,1,0,0),(65,'odos2s-S4k3qupgn-pDW42osG1Gg',1,'178',100200,1,'2016-11-05 20:51:13',NULL,0,0.00,0,1,0,0),(66,'odos2s-S4k3qupgn-pDW42osG1Gg',1,'178',100200,1,'2016-11-05 20:53:30',NULL,0,0.00,0,1,0,0),(67,'odos2s-S4k3qupgn-pDW42osG1Gg',1,'178',100200,1,'2016-11-05 21:03:55',NULL,0,0.00,0,1,0,0),(68,'odos2s-S4k3qupgn-pDW42osG1Gg',1,'2',100201,1,'2016-11-06 20:34:05','2016-11-14 22:15:39',0,0.00,1,1,0,0),(69,'odos2s4KuZrdlm9-B3ryBhzO3iWg',1,'2',100201,1,'2016-11-06 20:34:47',NULL,0,0.00,0,1,0,0),(70,'odos2s-S4k3qupgn-pDW42osG1Gg',1,'2',100201,1,'2016-11-07 16:41:44','2016-11-14 22:16:08',0,0.00,1,1,0,0),(71,'odos2s-S4k3qupgn-pDW42osG1Gg',1,'2',100201,1,'2016-11-07 16:55:16','2016-11-14 22:16:38',0,0.00,1,1,0,0),(72,'odos2s-S4k3qupgn-pDW42osG1Gg',1,'2',100201,1,'2016-11-10 22:18:54','2016-11-14 22:24:55',0,0.00,1,1,0,0),(73,'odos2s-S4k3qupgn-pDW42osG1Gg',1,'2',100201,1,'2016-11-10 22:43:02','2016-11-14 22:25:38',0,0.00,1,1,0,0),(74,'odos2s-S4k3qupgn-pDW42osG1Gg',1,'1',100201,1,'2016-11-11 18:31:38','2016-11-13 23:03:31',0,0.00,1,1,0,0),(75,'odos2s-S4k3qupgn-pDW42osG1Gg',1,'1',100203,1,'2016-11-11 19:52:47','2016-11-14 20:46:23',0,12.00,1,1,0,0),(76,'odos2s-S4k3qupgn-pDW42osG1Gg',1,'1',100203,1,'2016-11-14 20:08:37','2016-11-14 20:52:47',0,10.00,1,1,0,0),(77,'odos2s-S4k3qupgn-pDW42osG1Gg',1,'2',100203,1,'2016-11-17 21:02:46','2016-11-18 10:59:11',0,0.00,1,1,0,0),(78,'odos2s-S4k3qupgn-pDW42osG1Gg',1,'2',100203,1,'2016-11-17 21:02:59',NULL,0,0.00,0,1,0,0),(79,'odos2s-S4k3qupgn-pDW42osG1Gg',1,'2',100203,1,'2016-11-17 21:03:09',NULL,0,0.00,0,1,0,0),(80,'odos2s-S4k3qupgn-pDW42osG1Gg',1,'2',100203,1,'2016-11-17 21:03:27',NULL,0,0.00,0,1,0,0),(81,'odos2s-S4k3qupgn-pDW42osG1Gg',1,'2',100203,1,'2016-11-18 11:38:15',NULL,0,0.00,0,1,0,0);
/*!40000 ALTER TABLE `orders` ENABLE KEYS */;
UNLOCK TABLES;

--
-- Table structure for table `test`
--

DROP TABLE IF EXISTS `test`;
/*!40101 SET @saved_cs_client     = @@character_set_client */;
/*!40101 SET character_set_client = utf8 */;
CREATE TABLE `test` (
  `id` int(11) DEFAULT NULL,
  `val` varchar(20) DEFAULT NULL
) ENGINE=InnoDB DEFAULT CHARSET=utf8;
/*!40101 SET character_set_client = @saved_cs_client */;

--
-- Dumping data for table `test`
--

LOCK TABLES `test` WRITE;
/*!40000 ALTER TABLE `test` DISABLE KEYS */;
INSERT INTO `test` VALUES (1,'dddddd'),(1,'dddddd'),(1,'dddddd'),(1,'dddddd'),(1,'dddddd'),(1,'dddddd'),(1,'dddddd'),(1,'dddddd'),(1,'dddddd'),(1,'dddddd'),(1,'dddddd'),(1,'dddddd'),(1,'dddddd'),(1,'dddddd'),(1,'dddddd'),(1,'dddddd'),(1,'dddddd'),(1,'dddddd'),(1,'dddddd'),(1,'dddddd'),(1,'dddddd'),(1,'dddddd'),(1,'dddddd'),(1,'dddddd'),(1,'dddddd'),(1,'dddddd'),(1,'dddddd'),(1,'dddddd'),(1,'dddddd'),(1,'dddddd'),(1,'dddddd'),(1,'dddddd'),(1,'dddddd'),(1,'dddddd'),(1,'dddddd'),(1,'dddddd'),(1,'dddddd'),(1,'dddddd'),(1,'dddddd'),(1,'dddddd'),(1,'dddddd'),(1,'dddddd'),(1,'dddddd'),(1,'dddddd'),(1,'dddddd'),(1,'dddddd'),(1,'dddddd'),(1,'dddddd'),(1,'dddddd'),(1,'dddddd'),(1,'dddddd'),(1,'dddddd'),(1,'dddddd'),(1,'dddddd'),(1,'dddddd'),(1,'dddddd'),(1,'dddddd'),(1,'dddddd'),(1,'dddddd'),(1,'dddddd'),(1,'dddddd'),(1,'dddddd'),(1,'dddddd'),(1,'dddddd'),(1,'dddddd'),(1,'dddddd'),(1,'dddddd'),(1,'dddddd'),(1,'dddddd'),(1,'dddddd'),(1,'dddddd'),(1,'dddddd'),(1,'dddddd'),(1,'dddddd'),(1,'dddddd'),(1,'dddddd'),(1,'dddddd'),(1,'dddddd'),(1,'dddddd'),(1,'dddddd'),(1,'dddddd'),(1,'dddddd'),(1,'dddddd'),(1,'dddddd'),(1,'dddddd'),(1,'dddddd'),(1,'dddddd'),(1,'dddddd'),(1,'dddddd'),(1,'dddddd'),(1,'dddddd'),(1,'dddddd'),(1,'dddddd'),(1,'dddddd'),(1,'dddddd'),(1,'dddddd'),(1,'dddddd'),(1,'dddddd'),(1,'dddddd'),(1,'dddddd'),(1,'dddddd'),(1,'dddddd'),(1,'dddddd'),(1,'dddddd'),(1,'dddddd'),(1,'dddddd'),(1,'dddddd'),(1,'dddddd'),(1,'dddddd'),(1,'dddddd'),(1,'dddddd'),(1,'dddddd'),(1,'dddddd'),(1,'dddddd'),(1,'dddddd'),(1,'dddddd'),(1,'dddddd'),(1,'dddddd'),(1,'dddddd'),(1,'dddddd'),(1,'dddddd'),(1,'dddddd'),(1,'dddddd'),(1,'dddddd'),(1,'dddddd'),(1,'dddddd'),(1,'dddddd'),(1,'dddddd'),(1,'dddddd'),(1,'dddddd'),(1,'dddddd'),(1,'dddddd'),(1,'dddddd'),(1,'dddddd'),(1,'dddddd'),(1,'dddddd'),(1,'dddddd'),(1,'dddddd'),(1,'dddddd'),(1,'dddddd'),(1,'dddddd'),(1,'dddddd'),(1,'dddddd'),(1,'dddddd'),(1,'dddddd'),(1,'dddddd'),(1,'dddddd'),(1,'dddddd'),(1,'dddddd'),(1,'dddddd'),(1,'dddddd'),(1,'dddddd'),(1,'dddddd'),(1,'dddddd'),(1,'dddddd'),(1,'dddddd'),(1,'dddddd'),(1,'dddddd'),(1,'dddddd'),(1,'dddddd'),(1,'dddddd'),(1,'dddddd'),(1,'dddddd'),(1,'dddddd'),(1,'dddddd'),(1,'dddddd'),(1,'dddddd'),(1,'dddddd'),(1,'dddddd'),(1,'dddddd'),(1,'dddddd'),(1,'dddddd'),(1,'dddddd'),(1,'dddddd'),(1,'dddddd'),(1,'dddddd'),(1,'dddddd'),(1,'dddddd'),(1,'dddddd'),(1,'dddddd'),(1,'dddddd'),(1,'dddddd'),(1,'dddddd'),(1,'dddddd'),(1,'dddddd'),(1,'dddddd'),(1,'dddddd'),(1,'dddddd'),(1,'dddddd'),(1,'dddddd'),(1,'dddddd'),(1,'dddddd'),(1,'dddddd'),(1,'dddddd'),(1,'dddddd'),(1,'dddddd'),(1,'dddddd'),(1,'dddddd'),(1,'dddddd'),(1,'dddddd'),(1,'dddddd'),(1,'dddddd'),(1,'dddddd'),(1,'dddddd'),(1,'dddddd'),(1,'dddddd'),(1,'dddddd'),(1,'dddddd'),(1,'dddddd'),(1,'dddddd'),(1,'dddddd'),(1,'dddddd'),(1,'dddddd'),(1,'dddddd'),(1,'dddddd'),(1,'dddddd'),(1,'dddddd'),(1,'dddddd'),(1,'dddddd'),(1,'dddddd'),(1,'dddddd'),(1,'dddddd'),(1,'dddddd'),(1,'dddddd'),(1,'dddddd'),(1,'dddddd'),(1,'dddddd'),(1,'dddddd'),(1,'dddddd'),(1,'dddddd'),(1,'dddddd'),(1,'dddddd'),(1,'dddddd'),(1,'dddddd'),(1,'dddddd'),(1,'dddddd'),(1,'dddddd'),(1,'dddddd'),(1,'dddddd'),(1,'dddddd'),(1,'dddddd'),(1,'dddddd'),(1,'dddddd'),(1,'dddddd'),(1,'dddddd'),(1,'dddddd'),(1,'dddddd'),(1,'dddddd'),(1,'dddddd'),(1,'dddddd'),(1,'dddddd'),(1,'dddddd'),(1,'dddddd'),(1,'dddddd'),(1,'dddddd'),(1,'dddddd'),(1,'dddddd'),(1,'dddddd'),(1,'dddddd'),(1,'dddddd'),(1,'dddddd'),(1,'dddddd'),(1,'dddddd'),(1,'dddddd'),(1,'dddddd'),(1,'dddddd'),(1,'dddddd'),(1,'dddddd'),(1,'dddddd'),(1,'dddddd'),(1,'dddddd'),(1,'dddddd'),(1,'dddddd'),(1,'dddddd'),(1,'dddddd'),(1,'dddddd'),(1,'dddddd'),(1,'dddddd'),(1,'dddddd'),(1,'dddddd'),(1,'dddddd'),(1,'dddddd'),(1,'dddddd'),(1,'dddddd'),(1,'dddddd'),(1,'dddddd'),(1,'dddddd'),(1,'dddddd'),(1,'dddddd'),(1,'dddddd'),(1,'dddddd'),(1,'dddddd'),(1,'dddddd'),(1,'dddddd'),(1,'dddddd'),(1,'dddddd'),(1,'dddddd'),(1,'dddddd'),(1,'dddddd'),(1,'dddddd'),(1,'dddddd'),(1,'dddddd'),(1,'dddddd'),(1,'dddddd'),(1,'dddddd'),(1,'dddddd'),(1,'dddddd'),(1,'dddddd'),(1,'dddddd'),(1,'dddddd'),(1,'dddddd'),(1,'dddddd'),(1,'dddddd'),(1,'dddddd'),(1,'dddddd'),(1,'dddddd'),(1,'dddddd'),(1,'dddddd'),(1,'dddddd'),(1,'dddddd'),(1,'dddddd'),(1,'dddddd'),(1,'dddddd'),(1,'dddddd'),(1,'dddddd'),(1,'dddddd'),(1,'dddddd'),(1,'dddddd'),(1,'dddddd'),(1,'dddddd'),(1,'dddddd'),(1,'dddddd'),(1,'dddddd'),(1,'dddddd'),(1,'dddddd'),(1,'dddddd'),(1,'dddddd'),(1,'dddddd'),(1,'dddddd'),(1,'dddddd'),(1,'dddddd'),(1,'dddddd'),(1,'dddddd'),(1,'dddddd'),(1,'dddddd'),(1,'dddddd'),(1,'dddddd'),(1,'dddddd'),(1,'dddddd'),(1,'dddddd'),(1,'dddddd'),(1,'dddddd'),(1,'dddddd'),(1,'dddddd'),(1,'dddddd'),(1,'dddddd'),(1,'dddddd'),(1,'dddddd'),(1,'dddddd'),(1,'dddddd'),(1,'dddddd'),(1,'dddddd'),(1,'dddddd'),(1,'dddddd'),(1,'dddddd'),(1,'dddddd'),(1,'dddddd'),(1,'dddddd'),(1,'dddddd'),(1,'dddddd'),(1,'dddddd'),(1,'dddddd'),(1,'dddddd'),(1,'dddddd'),(1,'dddddd'),(1,'dddddd'),(1,'dddddd'),(1,'dddddd'),(1,'dddddd'),(1,'dddddd'),(1,'dddddd'),(1,'dddddd'),(1,'dddddd'),(1,'dddddd'),(1,'dddddd');
/*!40000 ALTER TABLE `test` ENABLE KEYS */;
UNLOCK TABLES;

--
-- Table structure for table `test2`
--

DROP TABLE IF EXISTS `test2`;
/*!40101 SET @saved_cs_client     = @@character_set_client */;
/*!40101 SET character_set_client = utf8 */;
CREATE TABLE `test2` (
  `id` int(11) DEFAULT NULL,
  `val` varchar(20) DEFAULT NULL
) ENGINE=InnoDB DEFAULT CHARSET=utf8;
/*!40101 SET character_set_client = @saved_cs_client */;

--
-- Dumping data for table `test2`
--

LOCK TABLES `test2` WRITE;
/*!40000 ALTER TABLE `test2` DISABLE KEYS */;
INSERT INTO `test2` VALUES (2,'fffffffff'),(2,'fffffffff'),(2,'fffffffff'),(2,'fffffffff'),(2,'fffffffff'),(2,'fffffffff'),(2,'fffffffff'),(2,'fffffffff'),(2,'fffffffff'),(2,'fffffffff'),(2,'fffffffff'),(2,'fffffffff'),(2,'fffffffff'),(2,'fffffffff'),(2,'fffffffff'),(2,'fffffffff'),(2,'fffffffff'),(2,'fffffffff'),(2,'fffffffff'),(2,'fffffffff'),(2,'fffffffff'),(2,'fffffffff'),(2,'fffffffff'),(2,'fffffffff'),(2,'fffffffff'),(2,'fffffffff'),(2,'fffffffff'),(2,'fffffffff'),(2,'fffffffff'),(2,'fffffffff'),(2,'fffffffff'),(2,'fffffffff'),(2,'fffffffff'),(2,'fffffffff'),(2,'fffffffff'),(2,'fffffffff'),(2,'fffffffff'),(2,'fffffffff'),(2,'fffffffff'),(2,'fffffffff'),(2,'fffffffff'),(2,'fffffffff'),(2,'fffffffff'),(2,'fffffffff'),(2,'fffffffff'),(2,'fffffffff'),(2,'fffffffff'),(2,'fffffffff'),(2,'fffffffff'),(2,'fffffffff'),(2,'fffffffff'),(2,'fffffffff'),(2,'fffffffff'),(2,'fffffffff'),(2,'fffffffff'),(2,'fffffffff'),(2,'fffffffff'),(2,'fffffffff'),(2,'fffffffff'),(2,'fffffffff'),(2,'fffffffff'),(2,'fffffffff'),(2,'fffffffff'),(2,'fffffffff'),(2,'fffffffff'),(2,'fffffffff'),(2,'fffffffff'),(2,'fffffffff'),(2,'fffffffff'),(2,'fffffffff'),(2,'fffffffff'),(2,'fffffffff'),(2,'fffffffff'),(2,'fffffffff'),(2,'fffffffff'),(2,'fffffffff'),(2,'fffffffff'),(2,'fffffffff'),(2,'fffffffff'),(2,'fffffffff'),(2,'fffffffff'),(2,'fffffffff'),(2,'fffffffff'),(2,'fffffffff'),(2,'fffffffff'),(2,'fffffffff'),(2,'fffffffff'),(2,'fffffffff'),(2,'fffffffff'),(2,'fffffffff'),(2,'fffffffff'),(2,'fffffffff'),(2,'fffffffff'),(2,'fffffffff'),(2,'fffffffff'),(2,'fffffffff'),(2,'fffffffff'),(2,'fffffffff'),(2,'fffffffff'),(2,'fffffffff'),(2,'fffffffff'),(2,'fffffffff'),(2,'fffffffff'),(2,'fffffffff'),(2,'fffffffff'),(2,'fffffffff'),(2,'fffffffff'),(2,'fffffffff'),(2,'fffffffff'),(2,'fffffffff'),(2,'fffffffff'),(2,'fffffffff'),(2,'fffffffff'),(2,'fffffffff'),(2,'fffffffff'),(2,'fffffffff'),(2,'fffffffff'),(2,'fffffffff'),(2,'fffffffff'),(2,'fffffffff'),(2,'fffffffff'),(2,'fffffffff'),(2,'fffffffff'),(2,'fffffffff'),(2,'fffffffff'),(2,'fffffffff'),(2,'fffffffff'),(2,'fffffffff'),(2,'fffffffff'),(2,'fffffffff'),(2,'fffffffff'),(2,'fffffffff'),(2,'fffffffff'),(2,'fffffffff'),(2,'fffffffff'),(2,'fffffffff'),(2,'fffffffff'),(2,'fffffffff'),(2,'fffffffff'),(2,'fffffffff'),(2,'fffffffff'),(2,'fffffffff'),(2,'fffffffff'),(2,'fffffffff'),(2,'fffffffff'),(2,'fffffffff'),(2,'fffffffff'),(2,'fffffffff'),(2,'fffffffff'),(2,'fffffffff'),(2,'fffffffff'),(2,'fffffffff'),(2,'fffffffff'),(2,'fffffffff'),(2,'fffffffff'),(2,'fffffffff'),(2,'fffffffff'),(2,'fffffffff'),(2,'fffffffff'),(2,'fffffffff'),(2,'fffffffff'),(2,'fffffffff'),(2,'fffffffff'),(2,'fffffffff'),(2,'fffffffff'),(2,'fffffffff'),(2,'fffffffff'),(2,'fffffffff'),(2,'fffffffff'),(2,'fffffffff'),(2,'fffffffff'),(2,'fffffffff'),(2,'fffffffff'),(2,'fffffffff'),(2,'fffffffff'),(2,'fffffffff'),(2,'fffffffff'),(2,'fffffffff'),(2,'fffffffff'),(2,'fffffffff'),(2,'fffffffff'),(2,'fffffffff'),(2,'fffffffff'),(2,'fffffffff'),(2,'fffffffff'),(2,'fffffffff'),(2,'fffffffff'),(2,'fffffffff'),(2,'fffffffff'),(2,'fffffffff'),(2,'fffffffff'),(2,'fffffffff'),(2,'fffffffff'),(2,'fffffffff'),(2,'fffffffff'),(2,'fffffffff'),(2,'fffffffff'),(2,'fffffffff'),(2,'fffffffff'),(2,'fffffffff'),(2,'fffffffff'),(2,'fffffffff'),(2,'fffffffff'),(2,'fffffffff'),(2,'fffffffff'),(2,'fffffffff'),(2,'fffffffff'),(2,'fffffffff'),(2,'fffffffff'),(2,'fffffffff'),(2,'fffffffff'),(2,'fffffffff'),(2,'fffffffff'),(2,'fffffffff'),(2,'fffffffff'),(2,'fffffffff'),(2,'fffffffff'),(2,'fffffffff'),(2,'fffffffff'),(2,'fffffffff'),(2,'fffffffff'),(2,'fffffffff'),(2,'fffffffff'),(2,'fffffffff'),(2,'fffffffff'),(2,'fffffffff'),(2,'fffffffff'),(2,'fffffffff'),(2,'fffffffff'),(2,'fffffffff'),(2,'fffffffff'),(2,'fffffffff'),(2,'fffffffff'),(2,'fffffffff'),(2,'fffffffff'),(2,'fffffffff'),(2,'fffffffff'),(2,'fffffffff'),(2,'fffffffff'),(2,'fffffffff'),(2,'fffffffff'),(2,'fffffffff'),(2,'fffffffff'),(2,'fffffffff'),(2,'fffffffff'),(2,'fffffffff'),(2,'fffffffff'),(2,'fffffffff'),(2,'fffffffff'),(2,'fffffffff'),(2,'fffffffff'),(2,'fffffffff'),(2,'fffffffff'),(2,'fffffffff'),(2,'fffffffff'),(2,'fffffffff'),(2,'fffffffff'),(2,'fffffffff'),(2,'fffffffff'),(2,'fffffffff'),(2,'fffffffff'),(2,'fffffffff'),(2,'fffffffff'),(2,'fffffffff'),(2,'fffffffff'),(2,'fffffffff'),(2,'fffffffff'),(2,'fffffffff'),(2,'fffffffff'),(2,'fffffffff'),(2,'fffffffff'),(2,'fffffffff'),(2,'fffffffff'),(2,'fffffffff'),(2,'fffffffff'),(2,'fffffffff'),(2,'fffffffff'),(2,'fffffffff'),(2,'fffffffff'),(2,'fffffffff'),(2,'fffffffff'),(2,'fffffffff'),(2,'fffffffff'),(2,'fffffffff'),(2,'fffffffff'),(2,'fffffffff'),(2,'fffffffff'),(2,'fffffffff'),(2,'fffffffff'),(2,'fffffffff'),(2,'fffffffff'),(2,'fffffffff'),(2,'fffffffff'),(2,'fffffffff'),(2,'fffffffff'),(2,'fffffffff'),(2,'fffffffff'),(2,'fffffffff'),(2,'fffffffff'),(2,'fffffffff'),(2,'fffffffff'),(2,'fffffffff'),(2,'fffffffff'),(2,'fffffffff'),(2,'fffffffff'),(2,'fffffffff'),(2,'fffffffff'),(2,'fffffffff'),(2,'fffffffff'),(2,'fffffffff'),(2,'fffffffff'),(2,'fffffffff'),(2,'fffffffff'),(2,'fffffffff'),(2,'fffffffff'),(2,'fffffffff'),(2,'fffffffff'),(2,'fffffffff'),(2,'fffffffff'),(2,'fffffffff'),(2,'fffffffff'),(2,'fffffffff'),(2,'fffffffff'),(2,'fffffffff'),(2,'fffffffff'),(2,'fffffffff'),(2,'fffffffff'),(2,'fffffffff'),(2,'fffffffff'),(2,'fffffffff'),(2,'fffffffff'),(2,'fffffffff'),(2,'fffffffff'),(2,'fffffffff'),(2,'fffffffff'),(2,'fffffffff'),(2,'fffffffff'),(2,'fffffffff'),(2,'fffffffff'),(2,'fffffffff'),(2,'fffffffff'),(2,'fffffffff'),(2,'fffffffff'),(2,'fffffffff'),(2,'fffffffff'),(2,'fffffffff'),(2,'fffffffff'),(2,'fffffffff'),(2,'fffffffff'),(2,'fffffffff'),(2,'fffffffff'),(2,'fffffffff'),(2,'fffffffff'),(2,'fffffffff'),(2,'fffffffff'),(2,'fffffffff'),(2,'fffffffff'),(2,'fffffffff'),(2,'fffffffff'),(2,'fffffffff'),(2,'fffffffff'),(2,'fffffffff'),(2,'fffffffff'),(2,'fffffffff'),(2,'fffffffff'),(2,'fffffffff'),(2,'fffffffff'),(2,'fffffffff'),(2,'fffffffff'),(2,'fffffffff'),(2,'fffffffff'),(2,'fffffffff'),(2,'fffffffff'),(2,'fffffffff'),(2,'fffffffff'),(2,'fffffffff'),(2,'fffffffff'),(2,'fffffffff'),(2,'fffffffff'),(2,'fffffffff'),(2,'fffffffff'),(2,'fffffffff'),(2,'fffffffff'),(2,'fffffffff'),(2,'fffffffff');
/*!40000 ALTER TABLE `test2` ENABLE KEYS */;
UNLOCK TABLES;

--
-- Table structure for table `test3`
--

DROP TABLE IF EXISTS `test3`;
/*!40101 SET @saved_cs_client     = @@character_set_client */;
/*!40101 SET character_set_client = utf8 */;
CREATE TABLE `test3` (
  `id` int(2) DEFAULT NULL,
  `amount` int(10) DEFAULT NULL
) ENGINE=InnoDB DEFAULT CHARSET=latin1;
/*!40101 SET character_set_client = @saved_cs_client */;

--
-- Dumping data for table `test3`
--

LOCK TABLES `test3` WRITE;
/*!40000 ALTER TABLE `test3` DISABLE KEYS */;
INSERT INTO `test3` VALUES (1,0);
/*!40000 ALTER TABLE `test3` ENABLE KEYS */;
UNLOCK TABLES;

--
-- Table structure for table `users`
--

DROP TABLE IF EXISTS `users`;
/*!40101 SET @saved_cs_client     = @@character_set_client */;
/*!40101 SET character_set_client = utf8 */;
CREATE TABLE `users` (
  `id` int(20) NOT NULL AUTO_INCREMENT,
  `open_id` varchar(255) DEFAULT NULL,
  `campus_id` int(11) DEFAULT NULL,
  `subscribe` smallint(6) DEFAULT NULL,
  `nickname` varchar(255) DEFAULT NULL,
  `headimg_url` varchar(255) DEFAULT NULL,
  `language` varchar(10) DEFAULT NULL,
  `subscribe_time` datetime DEFAULT NULL,
  `province` varchar(10) DEFAULT NULL,
  `groupid` varchar(5) DEFAULT NULL,
  `country` varchar(10) DEFAULT NULL,
  `city` varchar(10) DEFAULT NULL,
  `sex` smallint(1) DEFAULT NULL,
  `remark` varchar(10) DEFAULT NULL,
  `total_amount` float(6,2) DEFAULT '0.00',
  PRIMARY KEY (`id`)
) ENGINE=InnoDB AUTO_INCREMENT=61 DEFAULT CHARSET=utf8;
/*!40101 SET character_set_client = @saved_cs_client */;

--
-- Dumping data for table `users`
--

LOCK TABLES `users` WRITE;
/*!40000 ALTER TABLE `users` DISABLE KEYS */;
INSERT INTO `users` VALUES (1,'11111111111',1,NULL,'evolsnow','http://dabijie.info/bbs2/source/plugin/hejin_toupiao/Uploads/0703183601-803.png',NULL,NULL,NULL,NULL,NULL,NULL,NULL,NULL,0.00),(2,'12',1,NULL,'程序猿吗','http://dabijie.info/bbs2/source/plugin/hejin_toupiao/Uploads/0703183601-803.png',NULL,NULL,NULL,NULL,NULL,NULL,0,NULL,0.00),(3,'12345676543',1,NULL,'222','http://dabijie.info/bbs2/source/plugin/hejin_toupiao/Uploads/0703183601-803.png',NULL,NULL,NULL,NULL,NULL,NULL,NULL,NULL,0.00),(4,'12345678901',1,NULL,'test','http://dabijie.info/bbs2/source/plugin/hejin_toupiao/Uploads/0703183601-803.png',NULL,NULL,NULL,NULL,NULL,NULL,NULL,NULL,0.00),(5,'12345678909',1,NULL,'1234','http://dabijie.info/bbs2/source/plugin/hejin_toupiao/Uploads/0703183601-803.png',NULL,NULL,NULL,NULL,NULL,NULL,NULL,NULL,0.00),(6,'12345678911',1,NULL,'123·','http://dabijie.info/bbs2/source/plugin/hejin_toupiao/Uploads/0703183601-803.png',NULL,NULL,NULL,NULL,NULL,NULL,NULL,NULL,0.00),(7,'13160076967',1,NULL,'1','http://dabijie.info/bbs2/source/plugin/hejin_toupiao/Uploads/0703183601-803.png',NULL,NULL,NULL,NULL,NULL,NULL,0,NULL,0.00),(8,'13160076990',2,NULL,'1','http://dabijie.info/bbs2/source/plugin/hejin_toupiao/Uploads/0703183601-803.png',NULL,NULL,NULL,NULL,NULL,NULL,0,NULL,0.00),(9,'13270722790',2,NULL,'1','http://dabijie.info/bbs2/source/plugin/hejin_toupiao/Uploads/0703183601-803.png',NULL,NULL,NULL,NULL,NULL,NULL,0,NULL,0.00),(10,'13312345678',2,NULL,'niuyan','http://dabijie.info/bbs2/source/plugin/hejin_toupiao/Uploads/0703183601-803.png',NULL,NULL,NULL,NULL,NULL,NULL,NULL,NULL,0.00),(11,'13382402235',1,NULL,'1','http://dabijie.info/bbs2/source/plugin/hejin_toupiao/Uploads/0703183601-803.png',NULL,NULL,NULL,NULL,NULL,NULL,0,NULL,0.00),(12,'13451895624',1,NULL,'1','http://dabijie.info/bbs2/source/plugin/hejin_toupiao/Uploads/0703183601-803.png',NULL,NULL,NULL,NULL,NULL,NULL,0,NULL,0.00),(13,'13814504204',1,NULL,'1','http://dabijie.info/bbs2/source/plugin/hejin_toupiao/Uploads/0703183601-803.png',NULL,NULL,NULL,NULL,NULL,NULL,0,NULL,0.00),(14,'13815445502',1,NULL,'1','http://dabijie.info/bbs2/source/plugin/hejin_toupiao/Uploads/0703183601-803.png',NULL,NULL,NULL,NULL,NULL,NULL,0,NULL,0.00),(15,'13851558735',1,NULL,'1','http://dabijie.info/bbs2/source/plugin/hejin_toupiao/Uploads/0703183601-803.png',NULL,NULL,NULL,NULL,NULL,NULL,0,NULL,0.00),(16,'13852290859',2,NULL,'1','http://dabijie.info/bbs2/source/plugin/hejin_toupiao/Uploads/0703183601-803.png',NULL,NULL,NULL,NULL,NULL,NULL,0,NULL,0.00),(17,'13861605337',2,NULL,'1','http://dabijie.info/bbs2/source/plugin/hejin_toupiao/Uploads/0703183601-803.png',NULL,NULL,NULL,NULL,NULL,NULL,0,NULL,0.00),(18,'13901496157',2,NULL,'1','http://dabijie.info/bbs2/source/plugin/hejin_toupiao/Uploads/0703183601-803.png',NULL,NULL,NULL,NULL,NULL,NULL,0,NULL,0.00),(19,'13913287690',2,NULL,'蒋震震','http://dabijie.info/bbs2/source/plugin/hejin_toupiao/Uploads/0703183601-803.png',NULL,NULL,NULL,NULL,NULL,NULL,1,NULL,0.00),(20,'13913976839',3,NULL,'1','http://dabijie.info/bbs2/source/plugin/hejin_toupiao/Uploads/0703183601-803.png',NULL,NULL,NULL,NULL,NULL,NULL,0,NULL,0.00),(21,'13914083434',3,NULL,'abc','http://dabijie.info/bbs2/source/plugin/hejin_toupiao/Uploads/0703183601-803.png',NULL,NULL,NULL,NULL,NULL,NULL,0,NULL,0.00),(22,'13914720105',3,NULL,'1','http://dabijie.info/bbs2/source/plugin/hejin_toupiao/Uploads/0703183601-803.png',NULL,NULL,NULL,NULL,NULL,NULL,0,NULL,0.00),(55,'odos2s-S4k3qupgn-pDW42osG1Gg',1,1,'wangji','http://wx.qlogo.cn/mmopen/BaaUZepLicyjztPiadbUqVic2IcdFLciaZ4x5DtzUjxicLJfAUNwWpyCAhNjMYWzfFicpMMbLEm72TTxK7udcMmw0o7mkgicgYJS20p/0','zh_CN','1970-01-18 09:52:27','四川','0','中国','泸州',1,'',54.00),(56,'odos2syWNnnLc6q4TYFZi9aEHDDg',1,1,'a','http://wx.qlogo.cn/mmopen/MicUxVSMfMMq4G1BmVphVjxJy4wjeJib9w1nnl5ia8Ysu1Fh3fpchfw5CiaHDHHtoWtkYcJ0OOLxPwtdknN99aCF42UdqZPUr8re/0','zh_CN','1970-01-18 10:10:09','','0','','',0,'',0.00),(57,'oJ-HUw9CQBv2lhYVVEXaWnfKqq9I',2,1,'wangji','http://wx.qlogo.cn/mmopen/sxloaGf66AamK0yvSexFzL1mU2uKaUcaMnYY3E0DU7BcLx5OVSwXZbcQGnZibEd9G43FSZiaC2KzRwLkmwKgTyPIxqI4UOp0jO/0','zh_CN','1970-01-18 10:15:52','四川','0','中国','泸州',1,'',0.00),(58,'oJ-HUw-V4dztX7HbEgQlqU2Wys_M',2,1,'a','http://wx.qlogo.cn/mmopen/UwsrJjGdjJP7LASp1qKolbib7oNpz6ia0ZicPRxUibuRPhstIhqzj3UibZ61I2iaIV6libiajge25xpg2RfgowEG7PmpBw364wrjaOwic/0','zh_CN','1970-01-18 10:17:35','','0','','',0,'',0.00),(59,'odos2s4KuZrdlm9-B3ryBhzO3iWg',1,1,'钟钟','http://wx.qlogo.cn/mmopen/5dCambrP9xdGvrxgBxO1kbSXvJsJibzlQ8uYXWGcjdTzeZjMcMu6icXtsm9jOGf1T3up31zKgJYNQBK5iaEEA54upuFjMA2wEic6/0','zh_CN','1970-01-18 02:05:14','四川','0','中国','泸州',2,'',0.00),(60,'oJ-HUw3vZfDIF0yk8qP1fFx2q6DY',2,1,'钟钟','http://wx.qlogo.cn/mmopen/avI9iacfCia8BUiabJrcpdvZDbbdbao4us4dicB2415KwzJrLtHKVbSyibrc662hF3pyV0uaYqGUQWzZj4O7kysAVPFYfb6icqxBsd/0','zh_CN','1970-01-18 10:17:35','四川','0','中国','泸州',2,'',0.00);
/*!40000 ALTER TABLE `users` ENABLE KEYS */;
UNLOCK TABLES;

--
-- Table structure for table `usersinfo`
--

DROP TABLE IF EXISTS `usersinfo`;
/*!40101 SET @saved_cs_client     = @@character_set_client */;
/*!40101 SET character_set_client = utf8 */;
CREATE TABLE `usersinfo` (
  `open_id` varchar(255) NOT NULL DEFAULT '',
  `phone` varchar(20) DEFAULT NULL,
  `name` varchar(255) DEFAULT NULL,
  `address` varchar(255) DEFAULT NULL,
  `rank` varchar(20) DEFAULT NULL,
  PRIMARY KEY (`open_id`)
) ENGINE=InnoDB DEFAULT CHARSET=utf8;
/*!40101 SET character_set_client = @saved_cs_client */;

--
-- Dumping data for table `usersinfo`
--

LOCK TABLES `usersinfo` WRITE;
/*!40000 ALTER TABLE `usersinfo` DISABLE KEYS */;
INSERT INTO `usersinfo` VALUES (' 12334545',' 12334545','wqe','123435','1438156433988'),('00000000000','00000000000','lllllllllllllllllllllllllllllll','lllllllllllllll','1438145001354'),('00987654321','00987654321','316848484','gdgvdgsh','1442297746'),('11088888888','11088888888','fhahs','苏州大学独墅湖校区dhaga','1444374581409'),('11111111111','11111111111','11','1','1438222960063'),('11234567890','11234567890','222','1234','1440669897182'),('11256743323','11256743323','牛严','是','1438308773183'),('1144332244','1144332244','施施','体育馆','1439974693087'),('1221','1221','kang','11','1438236903703'),('12231241234','12231241234','test3456','213213','1439545260073'),('12312341234','12312341234','shit','ssss','1439011934768'),('12312343535','12312343535','sdaf s','2314','1439542613399'),('12312434545','12312434545','123','西交利物浦大学123342345','1438148783743'),('12323434546','12323434546','123345s','1231244','1438238210007'),('1234','1234','1234','32445','1438156423624'),('12342342344','12342342344','123','1234453','1438255750999'),('12343534545','12343534545','123124','123','1438250292628'),('12344567892','12344567892','test','1234','1438250113101'),('1234567788899','1234567788899','12','西交利物浦大学1233123','1438148696581'),('12345678765','12345678765','1234','12wefe','1438144107530'),('123456788901','123456788901','test','1234','1438257360127'),('12345678900','12345678900','test','456','1439894625316'),('12345678901','12345678901','围城','volvo***volvo***volvo***南京','1437622499'),('12345678902','12345678902','testnew5','123','1439543777263'),('12345678906','12345678906','chencong','复旦大学吴中校区asdfghjk','1438064255488'),('12345678907','12345678907','lichangcheng','清华大学qwertyuiop','1438063423949'),('12345678909','12345678909','shibowen','umng','1438087369041'),('12345678909876543','12345678909876543','newtest','1234','1439950522943'),('12345678912','12345678912','test','12345','1440223155256'),('12345678965','12345678965','dewf','qwert','1438144534507'),('12345678987','12345678987','333','66666','1438676916704'),('12345678990','12345678990','test2','12','1438238198594'),('13000000000','13000000000','我们','三江学院铁心桥主校区我','1434374060919'),('13022571629','13022571629','杨佳俊','三江学院铁心桥主校区三江学院主校区16号楼331','1430219675555'),('13040101273','13040101273','灰熊','volvo***opel***saab***树林','1234567890'),('13151281128','13151281128','李烜鑫','三江学院铁心桥主校区15号楼203','1430139968260'),('13160076967','13160076967','郭晓强','三江学院铁心桥主校区爱国楼16号楼242宿舍','1430295105062'),('13160076990','13160076990','张凯旋','三江学院铁心桥主校区12楼108','1430270433261'),('13270722790','13270722790','杨帆','三江学院铁心桥主校区4号楼406','1432473308030'),('13335858789      ','13335858789      ',' ',' ','1440501261497'),('13451895624','13451895624','戚安琪','三江学院铁心桥主校区16楼120','1430834407532'),('13456789754','13456789754','7777','234','1438676969749'),('13585165686','13585165686','季拓','三江学院铁心桥主校区6号楼511','1431347335595'),('13739165168','13739165168','蔡凌锋','104','1444292165833'),('13814504204','13814504204','熊大伏','三江学院铁心桥主校区16号楼442','1430886217079'),('13815445502','13815445502','韩宇波','三江学院铁心桥主校区16号楼215宿舍','1430196072612'),('13851558735','13851558735','刘旭凡','三江学院铁心桥主校区16号楼433','1431245257405'),('13861605337','13861605337','M','三江学院铁心桥主校区16号楼241宿舍','1430659947759'),('13913287690','13913287690','yyy','苏州^苏州大学独墅湖校区^安安硕','1439969449000'),('13913976839','13913976839','沈玉权','三江学院铁心桥主校区S楼606—1','1430293686093'),('13914720105','13914720105','赵勇','三江学院铁心桥主校区16楼232室','1430273179483'),('139483048304','139483048304','张殷墟','毒素','1438308344979'),('13951083940','13951083940','隋宇轩','三江学院铁心桥主校区15号楼405','1432473352039'),('15005527591','15005527591','贾桢','三江学院铁心桥主校区15号楼406','1431609064380'),('15051930218','15051930218','蒋其书','三江学院铁心桥主校区7号楼514','1432617174648'),('15062202740','15062202740','王启建','三江学院铁心桥主校区17号楼114','1432356221774'),('15062417600','15062417600','赵逸斌','三江学院铁心桥主校区16楼120','1432469747778'),('15150443372','15150443372','姚申涛','三江学院铁心桥主校区三江学院16号楼215','1430797866303'),('15151883571','15151883571','绝地','三江学院铁心桥主校区15-103','1427634635035'),('15151883572','15151883572','张梦杰','三江学院铁心桥主校区3-153','1427691760293'),('15151885657','15151885657','蔡国庆','三江学院铁心桥主校区16号楼429宿舍','1431686355726'),('15152658540','15152658540','施天翼','三江学院铁心桥主校区16楼119宿舍','1430143999704'),('15161048466','15161048466','丁昊','三江学院铁心桥主校区三江学院五号楼310','1430291991110'),('15190518013','15190518013','潘鸿','三江学院铁心桥主校区三江学院16号楼432','1430194088216'),('15205196040','15205196040','张志伟','三江学院铁心桥主校区四号食堂（求快点）','1430216853879'),('15206145988','15206145988','冯科达','三江学院铁心桥主校区17号楼103宿舍','1432366631339'),('15250711506','15250711506','王博','三江学院铁心桥主校区12号宿舍楼104室','1431959509192'),('15251820285','15251820285','曹青','三江学院铁心桥主校区21号楼202-2','1431050881326'),('15251895527','15251895527','顾海波','三江学院铁心桥主校区15号楼447宿舍','1430213301695'),('15251899171','15251899171','黄耀辉','三江学院铁心桥主校区16号楼442','1431172249861'),('15257588659','15257588659','褚嘉琪','三江学院铁心桥主校区2号楼','1430236104110'),('15261861119','15261861119','黄佳赛','三江学院铁心桥主校区12号楼110宿舍','1432261788752'),('15261861958','15261861958','汪静','三江学院铁心桥主校区18号楼二单元603-1','1430296056741'),('15261893551','15261893551','徐瑞','三江学院铁心桥主校区15#114','1432042057804'),('15261895955','15261895955','16号楼432宿舍','三江学院铁心桥主校区16号楼432宿舍','1430194614988'),('15261896862','15261896862','张','三江学院铁心桥主校区16号楼432宿舍','1430880346706'),('15261896973','15261896973','狄宇','三江学院铁心桥主校区16楼431宿舍','1430220181373'),('15261897597','15261897597','唐明松','三江学院铁心桥主校区15号楼116室','1431862595007'),('15295509505','15295509505','赵浩','三江学院铁心桥主校区三江16号楼431','1430215931228'),('15295560150','15295560150','周彬','三江学院铁心桥主校区16#431','1432356903527'),('15295562062','15295562062','陈开','三江学院铁心桥主校区16号楼428宿舍','1432640311181'),('15295566015','15295566015','陈浩兴','三江学院铁心桥主校区16号楼428宿舍','1431684892337'),('15295567537','15295567537','骆言','三江学院铁心桥主校区15—103','1428134772134'),('15295569575','15295569575','王文超','三江学院铁心桥主校区16号楼339','1432346440599'),('15295569715','15295569715','金针菇','三江学院铁心桥主校区3号楼','1430238541764'),('15295569869','15295569869','程时茂','三江学院铁心桥主校区16楼443','1430140350821'),('15365128369','15365128369','徐皓祯','三江学院铁心桥主校区16栋411','1430281199125'),('15365132560','15365132560','储坚成','三江学院铁心桥主校区15号楼118','1430273424102'),('15365132621','15365132621','江爱祥','三江学院铁心桥主校区16号楼419','1430227427638'),('15365182279','15365182279','丁奕铭','三江学院铁心桥主校区15号楼447','1431061251802'),('15365195716','15365195716','张运杰','三江学院铁心桥主校区16号楼428','1430903632392'),('15365196382','15365196382','夏鑫宇','三江学院铁心桥主校区15号楼107','1432197873079'),('15366031030','15366031030','唐吉雨','三江学院铁心桥主校区16号楼411宿舍','1430143358581'),('15366106958','15366106958','智伟华','三江学院铁心桥主校区15号楼111','1432389001180'),('15366127275','15366127275','张刘健','三江学院铁心桥主校区16号楼442','1431166185371'),('15366199989','15366199989','李','三江学院铁心桥主校区7号楼106','1430241137802'),('15380820376','15380820376','朱剑宇','三江学院铁心桥主校区16-444','1430230060734'),('15380821257','15380821257','金怀江','三江学院铁心桥主校区16栋239','1432219586120'),('15380821827','15380821827','霸天虎','三江学院铁心桥主校区6号楼511','1432477221106'),('15506218219','15506218219','张涛','111','1444304326643'),('15605159822','15605159822','魏小翔','三江学院铁心桥主校区三江学院16号楼331','1430449291849'),('15636987453','15636987453','苏宇','一期六栋','1442393800251'),('15651958911','15651958911','李超','三江学院铁心桥主校区爱国楼16号楼435','1432370323984'),('15651967988','15651967988','李翔','三江学院铁心桥主校区15  405','1431318681075'),('15655125886','15655125886','同','统一战线','1445615822649'),('15850033077','15850033077','lala','上海^复旦大学吴中校区^就分手快放假时刻了快速的减肥','1438242337'),('15850789092','15850789092','杨玉成','三江学院铁心桥主校区16号宿舍楼435宿舍','1432191232944'),('15896319989','15896319989','陈绪','三江学院铁心桥主校区15号楼405','1431696973639'),('15951809434','15951809434','朱哥哥','三江学院铁心桥主校区16-434','1430990495682'),('15951996706','15951996706','孙艺珊','三江学院铁心桥主校区2号楼226','1430264991258'),('15952035224','15952035224','杨洋','三江学院铁心桥主校区12号楼302','1431953691258'),('15961685555','15961685555','马遥','三江学院铁心桥主校区17楼304','1431232134281'),('17712915379','17712915379','123456','三江学院铁心桥主校区15楼','1427701806534'),('17751770753','17751770753','吴爽','三江学院铁心桥主校区16#441','1432134712613'),('17768116252','17768116252','庄嘉和','三江学院铁心桥主校区12号楼104','1431094805202'),('18013116680','18013116680','fandexian','woshifandexian','1438087559578'),('18013646780','18013646780','miao','qwqw','1438320077850'),('18013646790','18013646790','ming','suzhoudaxuedushuhuxiaoquchuangyichanyeyuan','1438320052646'),('18013863934','18013863934','陆益','三江学院铁心桥主校区14楼213','1430281348420'),('18013866641','18013866641','曹起','三江学院铁心桥主校区5319','1430573737418'),('18020118356','18020118356','查剑','三江学院铁心桥主校区三江学院14号公寓楼212号','1430288419148'),('18020118759','18020118759','吴奥','三江学院铁心桥主校区14#213','1430234904151'),('18034839573','18034839573','采臣','读书户校区','1438308325422'),('18035734949','18035734949','niuyan','1234','1444295231450'),('18035735959','18035735959','ivan.Ye','SoochowUniversity 404','1438100668215'),('18036196086','18036196086','陆顺','三江学院铁心桥主校区16号楼428宿舍','1430736081605'),('18061739312','18061739312','兰宇迪','三江学院铁心桥主校区三江学院15号楼405','1430233845504'),('18066057126','18066057126','王雪','三江学院铁心桥主校区19号楼505-1','1430917522766'),('18070155110','18070155110','胡素亚','三江学院铁心桥主校区江西省南昌市红谷滩新区学府大道589号江西科技师范大学','1430643603185'),('18094390667','18094390667','陈伟','三江学院铁心桥主校区3教楼','1431501251014'),('18168023515','18168023515','李瑞','三江学院铁心桥主校区15号楼305','1432292709546'),('18251883658','18251883658','陈玉鹏','三江学院铁心桥主校区17号楼304','1432004512688'),('18252022980','18252022980','王之润','三江学院铁心桥主校区十三号楼308','1432126920293'),('18252056259','18252056259','李晓飞','三江学院铁心桥主校区6号楼507','1430209427176'),('18252057339','18252057339','倪豪','三江学院铁心桥主校区12楼328','1430386138346'),('18252058069','18252058069','杨帆','三江学院铁心桥主校区12号楼328','1431235121119'),('18252058127','18252058127','胡壮','三江学院铁心桥主校区男生宿舍12号楼328','1430303302959'),('18252059027','18252059027','程双双','三江学院铁心桥主校区12--104','1432378989408'),('18252066383','18252066383','李明锋','三江学院铁心桥主校区三江学院16号楼235','1430314490045'),('18252120427','18252120427','常文龙','三江学院铁心桥主校区12号楼106','1430804181551'),('182601081691','182601081691','test2','234','1438157079384'),('18260108190','18260108190','苏州叶帆','三江学院铁心桥主校区苏州东区6201','1430139968260'),('18305176480','18305176480','吴昊懿','三江学院铁心桥主校区3号楼428','1432442064860'),('18351008060','18351008060','武金铭','三江学院铁心桥主校区5号楼310','1430918438125'),('18362938239','18362938239','杨友进','三江学院铁心桥主校区7#514','1430618682327'),('18502500812','18502500812','张宏建','三江学院铁心桥主校区16号楼432','1430280547956'),('18551310166','18551310166','顾鑫','三江学院铁心桥主校区16号楼429','1430726869324'),('18642657268','18642657268','叶帆','星湖街328号','1442384680528'),('18651323581','18651323581','钱程','三江学院铁心桥主校区16幢430','1431349355327'),('18651337775','18651337775','王飞','三江学院铁心桥主校区12栋508','1432369683943'),('18662835126','18662835126','邹沁源','三江学院铁心桥主校区男生宿舍12-328','1430266717780'),('18705198389','18705198389','吴越','三江学院铁心桥主校区15号楼447','1430880199130'),('18705198716','18705198716','陈希','三江学院铁心桥主校区16。 431','1431253769264'),('18705199202','18705199202','毛楠','三江学院铁心桥主校区16号楼242','1431524006786'),('18705199209','18705199209','樊志文','三江学院铁心桥主校区三江学院16号楼242宿舍','1430217024155'),('18705199233','18705199233','刘宇大帅哥','三江学院铁心桥主校区4310','1430301839771'),('18724005167','18724005167','杨宏光','三江学院铁心桥主校区16号楼432','1430215725002'),('18735735959','18735735959','niuyan','a01 225','1438245522221'),('18751889637','18751889637','袁建楠','三江学院铁心桥主校区15号楼146','1430409101899'),('18751889986','18751889986','刘冠宏','三江学院铁心桥主校区16-439宿舍','1427647922718'),('18762885079','18762885079','叶帆','三江学院铁心桥主校区619','1427300541891'),('18796640565','18796640565','于志航','三江学院铁心桥主校区15号楼339宿舍','1430745016925'),('18860902563','18860902563','weicheng','南京^南京大学雨花台校区^123456','1438248041'),('18860904119','18860904119','灵车漂移','你妈挂树','1441004201'),('18862342354','18862342354','杜佳雯','A03','1444973391648'),('18896554856','18896554856','韩月辉啊','理工楼205','1428421706966'),('18896554857','18896554857','小白','杭州^浙江大学本部^624','1438242591'),('18896554880','18896554880','科技','三江学院铁心桥主校区我们','1427308019083'),('18896554881','18896554881','for优123&lt;script&gt;alert(\'hehe\')&lt;/script&gt;','一期东门&lt;script&gt;alert(\'hehe\')&lt;/script&gt;','1441960367519'),('18896554883','18896554883','韩月辉','东吴620','1441012852268'),('18896557502','18896557502','追风少年','a01 225','1438154971238'),('18896558935','18896558935','朱丽叶','一期107-406','1444373814939'),('18896559011','18896559011','刘松宾','103-623','1444374404097'),('18896584856','18896584856','叶帆','河东河西','1441159340'),('18896654880','18896654880','我','三江学院铁心桥主校区号啊','1440561147797'),('18896765902','18896765902','\'','三江学院铁心桥主校区\'\'\'\'\'','1432017530630'),('18951702641','18951702641','李洋','三江学院铁心桥主校区宿舍楼17号416室','1432640448606'),('19039393939','19039393939','333','11111','1438308855517'),('22','22','dd','222','1438051089825'),('22222222222','22222222222','2','12','1438304913607'),('23356778345','23356778345','56567','3456345','1438676932052'),('25184894612','25184894612','hshshh','54454884','1442297694'),('32412123123','32412123123','123','123123','1440221892997'),('33333333332','33333333332','3333','帆','1438308794083'),('33333333333','33333333333','222','3333','1438335733155'),('44444444444','44444444444','444','4','1438678151631'),('444444444444','444444444444','45555','444','1438678179221'),('55555555555','55555555555','5','5','1438335755167'),('555555555555','555555555555','5555','555','1438678201755'),('66666666666','66666666666','6','6','1438335765930'),('77777777777','77777777777','7777','777','1438335779333'),('88888888888','88888888888','8','8','1438678301951'),('99999999999','99999999999','9','9','1438679254909'),('ppppppppppp','ppppppppppp','uuuu ','ghhhh ','1440404923994'),('qqqqqqqqqqq','qqqqqqqqqqq','ttttt','vigorous','1440405176247'),('rrrrrrrrrrr','rrrrrrrrrrr','tyttttyy','uuuu','1440405023679');
/*!40000 ALTER TABLE `usersinfo` ENABLE KEYS */;
UNLOCK TABLES;
/*!40103 SET TIME_ZONE=@OLD_TIME_ZONE */;

/*!40101 SET SQL_MODE=@OLD_SQL_MODE */;
/*!40014 SET FOREIGN_KEY_CHECKS=@OLD_FOREIGN_KEY_CHECKS */;
/*!40014 SET UNIQUE_CHECKS=@OLD_UNIQUE_CHECKS */;
/*!40101 SET CHARACTER_SET_CLIENT=@OLD_CHARACTER_SET_CLIENT */;
/*!40101 SET CHARACTER_SET_RESULTS=@OLD_CHARACTER_SET_RESULTS */;
/*!40101 SET COLLATION_CONNECTION=@OLD_COLLATION_CONNECTION */;
/*!40111 SET SQL_NOTES=@OLD_SQL_NOTES */;

-- Dump completed on 2017-04-09 11:31:31
